Mon-Yr,CA,Alameda,Amador,Butte,Calaveras,Contra-Costa,Del Norte,El Dorado,Fresno,Glenn,Humboldt,Kern,Kings,Lake,Lassen,Los Angeles,Madera,Marin,Mariposa,Mendocino,Merced,Mono,Monterey,Napa,Nevada,Orange,Placer,Plumas,Riverside,Sacramento,San Benito,San Bernardino,San Diego,San Francisco,San Joaquin,San Luis Obispo,San Mateo,Santa Barbara,Santa Clara,Santa Cruz,Shasta,Siskiyou,Solano,Sonoma,Stanislaus,Sutter,Tehama,Tulare,Tuolumne,Ventura,Yolo,Yuba,LA Metro,Inland Empire,SF Bay Area
Jan-90,,,,,,,,,,,,,,,,,,,,,,,,,,,,,,,,,,,,,,,,,,,,,,,,,,,,,,,
Feb-90,,,,,,,,,,,,,,,,,,,,,,,,,,,,,,,,,,,,,,,,,,,,,,,,,,,,,,,
Mar-90,,,,,,,,,,,,,,,,,,,,,,,,,,,,,,,,,,,,,,,,,,,,,,,,,,,,,,,
Apr-90,,,,,,,,,,,,,,,,,,,,,,,,,,,,,,,,,,,,,,,,,,,,,,,,,,,,,,,
May-90,,,,,,,,,,,,,,,,,,,,,,,,,,,,,,,,,,,,,,,,,,,,,,,,,,,,,,,
Jun-90,,,,,,,,,,,,,,,,,,,,,,,,,,,,,,,,,,,,,,,,,,,,,,,,,,,,,,,
Jul-90,,,,,,,,,,,,,,,,,,,,,,,,,,,,,,,,,,,,,,,,,,,,,,,,,,,,,,,
Aug-90,,,,,,,,,,,,,,,,,,,,,,,,,,,,,,,,,,,,,,,,,,,,,,,,,,,,,,,
Sep-90,,,,,,,,,,,,,,,,,,,,,,,,,,,,,,,,,,,,,,,,,,,,,,,,,,,,,,,
Oct-90,,,,,,,,,,,,,,,,,,,,,,,,,,,,,,,,,,,,,,,,,,,,,,,,,,,,,,,
Nov-90,,,,,,,,,,,,,,,,,,,,,,,,,,,,,,,,,,,,,,,,,,,,,,,,,,,,,,,
Dec-90,,,,,,,,,,,,,,,,,,,,,,,,,,,,,,,,,,,,,,,,,,,,,,,,,,,,,,,
Jan-91,-0.29,NA,NA,-0.54,NA,-0.01,NA,NA,0.06,NA,-0.36,-0.26,NA,NA,,-0.3,NA,-0.16,NA,-0.42,0.1,,-0.38,0,NA,-0.27,-0.58,NA,-0.13,-0.44,NA,-0.29,-0.27,-0.25,-0.1,-0.46,NA,-0.21,NA,-1,NA,NA,NA,-0.69,NA,NA,NA,0.45,NA,-0.27,NA,NA,-0.27,-0.21,NA
Feb-91,-0.25,-0.09,NA,0.26,NA,-0.1,NA,NA,-0.29,NA,-0.28,-0.02,NA,NA,,-0.24,NA,-0.2,NA,-0.38,0.12,,-0.04,-0.52,NA,-0.34,-0.4,NA,-0.3,-0.31,NA,-0.27,-0.34,-0.31,-0.32,-0.39,NA,-0.43,NA,0.03,NA,NA,NA,-0.39,NA,NA,NA,0.49,NA,-0.27,NA,NA,-0.28,-0.29,NA
Mar-91,-0.13,-0.17,NA,0.44,NA,-0.06,NA,NA,-0.11,NA,-0.52,0.12,NA,NA,,-0.07,NA,-0.2,NA,-0.5,-0.54,,-0.28,-0.02,NA,-0.2,-0.52,NA,-0.34,-0.21,NA,-0.39,-0.34,-0.16,-0.31,-0.27,NA,-0.3,NA,-0.11,NA,NA,NA,0.13,NA,NA,NA,-0.03,NA,-0.07,NA,NA,-0.18,-0.37,NA
Apr-91,0.01,0.19,NA,1.4,NA,0.16,NA,NA,-0.11,NA,-0.23,0.14,NA,NA,,0.14,NA,0.12,NA,-1,0.5,,-0.02,-0.02,NA,0.18,-0.44,NA,-0.07,-0.18,NA,-0.24,-0.08,0.39,-0.05,-0.06,NA,-0.08,NA,0.22,NA,NA,NA,0.27,NA,NA,NA,-0.08,NA,0.3,NA,NA,0.08,-0.16,NA
May-91,0.1,0.37,NA,1.2,NA,0.63,NA,NA,-0.06,NA,0.3,-0.03,NA,NA,,0.12,NA,0.29,NA,-0.45,-0.13,,0.39,0.4,NA,0.2,-0.5,NA,0.02,-0.14,NA,-0.06,0.02,0.34,-0.17,0.68,NA,-0.05,NA,0.49,NA,NA,NA,-0.05,NA,NA,NA,0.02,NA,0.4,NA,NA,0.12,-0.02,NA
Jun-91,0.09,0.23,NA,-0.41,NA,0.1,NA,NA,0.08,NA,0.23,0.03,NA,NA,,0.14,NA,0.08,NA,0.37,0.3,,0.13,-0.03,NA,0.05,-0.5,NA,-0.02,-0.26,NA,-0.14,0.12,0.34,-0.27,-0.16,NA,-0.04,NA,0.42,NA,NA,NA,-0.13,NA,NA,NA,-0.16,NA,0.44,NA,NA,0.09,-0.08,NA
Jul-91,0.01,0.37,NA,-0.34,NA,-0.02,NA,NA,-0.23,NA,0.42,-0.03,NA,NA,,0.22,NA,0.42,NA,0.05,-0.05,,0.06,0.17,NA,0.08,-0.32,NA,-0.17,-0.32,NA,-0.13,0.18,0.3,-0.15,0.04,NA,-0.01,NA,0.98,NA,NA,NA,-0.14,NA,NA,NA,-0.35,NA,0.38,NA,NA,0.11,-0.15,NA
Aug-91,-0.04,-0.1,NA,-0.16,NA,-0.07,NA,NA,-0.22,NA,-0.24,-0.26,NA,NA,,0.08,NA,0.03,NA,-0.08,0,,0.01,0.08,NA,-0.06,-0.44,NA,-0.24,-0.24,NA,-0.12,-0.11,0.15,-0.15,0.45,NA,-0.03,NA,0.15,NA,NA,NA,0.08,NA,NA,NA,-0.04,NA,0.24,NA,NA,-0.02,-0.18,NA
Sep-91,-0.06,0.01,NA,-0.06,NA,0,NA,NA,-0.03,NA,0.11,0.13,NA,NA,,0.07,NA,0.13,NA,-0.18,-0.18,,-0.19,0.09,NA,0.08,-0.12,NA,-0.19,-0.11,NA,-0.16,-0.11,0.06,-0.4,0,NA,-0.04,NA,0.6,NA,NA,NA,-0.34,NA,NA,NA,-0.06,NA,0.1,NA,NA,0.01,-0.17,NA
Oct-91,-0.06,0.18,NA,-0.61,NA,-0.06,NA,NA,-0.16,NA,-0.22,-0.01,NA,NA,,-0.12,NA,0.07,NA,0.53,-0.04,,0.58,-0.11,NA,0.1,-0.11,NA,-0.11,0.1,NA,-0.29,-0.08,0.14,-0.15,0.14,NA,0,NA,0.6,NA,NA,NA,0.09,NA,NA,NA,-0.13,NA,0.07,NA,NA,-0.09,-0.2,NA
Nov-91,0,0,NA,0.3,NA,-0.04,NA,NA,-0.25,NA,0.28,-0.16,NA,NA,,-0.08,NA,0.05,NA,-0.45,-0.2,,0.32,0.23,NA,0.09,0.01,NA,-0.13,0.12,NA,-0.05,0.13,0.14,-0.05,0.18,NA,-0.13,NA,0.66,NA,NA,NA,-0.44,NA,NA,NA,0.06,NA,-0.14,NA,NA,-0.06,-0.09,NA
Dec-91,0.03,0.24,NA,0.71,NA,0.22,NA,NA,0,NA,0.45,-0.04,NA,NA,,0.03,NA,0.22,NA,-0.17,-0.22,,0.68,0.17,NA,0.21,-0.03,NA,-0.11,0.27,NA,-0.03,0.25,0.34,0.04,0.05,NA,0.02,NA,0.92,NA,NA,NA,-0.21,NA,NA,NA,0.39,NA,0.13,NA,NA,0.05,-0.07,NA
Jan-92,0.1,0.02,NA,0.43,NA,0.17,NA,NA,-0.04,NA,0.63,0.01,NA,NA,,0.01,NA,0.03,NA,0.67,-0.09,,0.11,0.05,NA,0.09,0.73,NA,-0.07,0.34,NA,-0.06,0.07,0.42,-0.18,0.41,0.1,-0.16,NA,NA,NA,NA,NA,0.23,NA,NA,NA,-0.08,NA,0.33,NA,NA,0.03,-0.06,NA
Feb-92,0.19,0.07,NA,0.17,NA,0.27,NA,NA,0.46,NA,0.09,-0.13,NA,NA,,0.35,NA,0.64,NA,0.63,0.16,,0.47,0.38,NA,0.58,0.24,NA,-0.19,0.2,NA,-0.03,0.07,0.31,-0.11,0,0.13,0.5,NA,0.42,NA,NA,NA,-0.01,NA,NA,NA,-0.11,NA,0.15,NA,NA,0.28,-0.12,NA
Mar-92,0.1,0.24,NA,0.42,NA,0.09,NA,NA,0.42,NA,0.67,-0.06,NA,NA,,-0.01,NA,-0.01,NA,0.75,0.15,,0.5,0.26,NA,0.14,0.49,NA,0.12,0.09,NA,0.14,0.28,0.2,0.17,0.12,0.31,0.25,NA,0.99,NA,NA,NA,-0.29,NA,NA,NA,0.03,NA,0.06,NA,NA,0.06,0.13,NA
Apr-92,-0.02,0.16,NA,0.4,NA,-0.03,NA,NA,0.23,NA,0.84,-0.22,NA,NA,,-0.12,NA,0.34,NA,NA,-0.16,,0.37,1.09,NA,-0.02,0.84,NA,-0.08,0.14,NA,-0.08,0.15,-0.01,-0.03,0.16,0.17,0.13,NA,0.19,NA,NA,NA,-0.25,NA,NA,NA,-0.02,NA,0.05,NA,NA,-0.08,-0.08,NA
May-92,-0.07,-0.14,NA,-0.12,NA,-0.17,NA,NA,0.15,NA,0.1,-0.29,NA,NA,,-0.2,NA,-0.01,NA,1.18,0.2,,-0.04,-0.14,NA,0,0.28,NA,-0.17,-0.15,NA,-0.19,-0.11,-0.05,-0.07,-0.08,-0.05,-0.08,NA,0.21,NA,NA,NA,-0.11,NA,NA,NA,-0.24,NA,-0.23,NA,NA,-0.16,-0.18,NA
Jun-92,-0.15,-0.13,NA,0.29,NA,-0.31,NA,NA,-0.14,NA,0.03,-0.16,NA,NA,,-0.15,NA,0.12,NA,0.92,-0.18,,0.14,0.03,NA,0.15,0.02,NA,-0.23,-0.18,NA,-0.24,-0.06,0.02,0.01,-0.09,-0.02,0.01,NA,-0.08,NA,NA,NA,-0.03,NA,NA,NA,-0.12,NA,-0.11,NA,NA,-0.11,-0.23,NA
Jul-92,-0.11,-0.09,NA,-0.04,NA,-0.16,NA,NA,0.29,NA,-0.11,-0.4,NA,NA,,-0.18,NA,-0.01,NA,-0.57,-0.27,,0.27,-0.26,NA,-0.06,0.12,NA,0.06,-0.07,NA,0.03,-0.15,0.04,0.05,-0.1,-0.15,0.01,NA,-0.18,NA,NA,NA,-0.16,NA,NA,NA,0.3,NA,-0.05,NA,NA,-0.1,0.05,NA
Aug-92,-0.09,0.06,NA,-0.03,NA,-0.39,NA,NA,-0.06,NA,0.29,-0.18,NA,NA,,-0.21,NA,-0.09,NA,0.04,-0.05,,-0.2,-0.16,NA,-0.1,0.16,NA,-0.16,-0.17,NA,-0.33,-0.15,-0.08,-0.11,-0.43,-0.01,-0.22,NA,-0.09,NA,NA,NA,-0.3,NA,NA,NA,-0.2,NA,-0.38,NA,NA,-0.21,-0.25,NA
Sep-92,-0.03,0.24,NA,-0.05,NA,-0.17,NA,NA,-0.13,NA,0.04,-0.39,NA,NA,,-0.08,NA,0.14,NA,1.86,0.13,,0.31,0.11,NA,0.11,0.32,NA,-0.05,0.11,NA,-0.13,0.11,0.09,0.18,0,0.38,0.15,NA,0.2,NA,NA,NA,0.31,NA,NA,NA,-0.11,NA,0.06,NA,NA,-0.03,-0.09,NA
Oct-92,0.05,-0.05,NA,1.27,NA,-0.12,NA,NA,0.13,NA,-0.24,-0.43,NA,NA,,-0.07,NA,0.52,NA,-0.31,0.14,,-0.08,0.46,NA,0.47,0.64,NA,-0.1,-0.01,NA,0,0.05,0.17,0,0.27,0.12,0.16,NA,0.26,NA,NA,NA,-0.1,NA,NA,NA,0.1,NA,0,NA,NA,0.05,-0.06,NA
Nov-92,0.13,0.18,NA,0,NA,-0.17,NA,NA,0.27,NA,-0.13,-0.08,NA,NA,,-0.01,NA,0.49,NA,0.5,0,,0.32,-0.33,NA,0.26,0.35,NA,-0.04,0.17,NA,-0.22,0.12,0.33,0.05,0.15,0.3,0.5,NA,0.05,NA,NA,NA,0.11,NA,NA,NA,-0.32,NA,0.28,NA,NA,0.05,-0.13,NA
Dec-92,0.17,0.12,NA,0,NA,0.11,NA,NA,0.33,NA,0.38,0.16,NA,NA,,0.17,NA,0.98,NA,-0.24,0.32,,0.29,0.29,NA,0.42,1.04,NA,0.11,0.23,NA,0.05,0.54,0.41,0.35,0.51,0.26,0.61,NA,0.33,NA,NA,NA,0.65,NA,NA,NA,-0.01,NA,0.21,NA,NA,0.2,0.08,NA
Jan-93,0.02,0.04,NA,-0.27,NA,-0.38,NA,NA,0.11,NA,-0.35,-0.28,NA,NA,,0.01,NA,0.27,NA,-0.52,-0.16,,0.15,-0.2,NA,0.64,-0.01,NA,-0.19,-0.13,NA,-0.12,0.05,0.21,0.24,-0.08,-0.14,0.38,NA,0.14,NA,0.1,NA,0.09,-0.13,NA,NA,-0.06,NA,0.06,NA,NA,0.1,-0.15,NA
Feb-93,-0.12,0.07,NA,0.09,NA,-0.46,NA,NA,-0.28,NA,0.1,-0.08,NA,NA,,-0.23,NA,-0.25,NA,-0.08,-0.33,,-0.27,0.16,NA,-0.25,-0.16,NA,0.11,-0.07,NA,-0.01,0.06,0.13,0.07,0.35,0.06,-0.14,NA,0.13,NA,0.17,NA,0.16,0,NA,NA,-0.22,NA,0.21,NA,NA,-0.16,0.05,NA
Mar-93,-0.11,-0.14,NA,-0.21,NA,-0.42,NA,NA,-0.15,NA,-0.03,-0.23,NA,NA,,0,NA,0.48,NA,-0.38,-0.46,,-0.19,-0.22,NA,-0.07,0.06,NA,-0.17,-0.09,NA,-0.12,-0.09,-0.04,-0.07,0.18,-0.03,0.05,NA,-0.22,NA,-0.42,NA,0.03,0.06,NA,NA,-0.07,NA,0.13,NA,NA,-0.04,-0.15,NA
Apr-93,-0.13,-0.27,NA,-0.29,NA,-0.26,NA,NA,-0.02,NA,-0.18,-0.1,NA,NA,,-0.01,NA,-0.15,NA,-0.09,-0.08,,-0.13,-0.37,NA,-0.13,-0.32,NA,-0.39,-0.11,NA,-0.14,-0.08,-0.06,-0.24,-0.19,-0.13,-0.06,NA,-0.05,NA,-0.21,NA,-0.05,-0.18,NA,NA,-0.03,NA,0.06,NA,NA,-0.09,-0.28,NA
May-93,-0.07,-0.17,NA,-0.22,NA,-0.36,NA,NA,-0.15,NA,-0.07,-0.16,NA,NA,,-0.17,NA,-0.12,NA,0.19,0.09,,-0.04,-0.2,NA,-0.11,-0.07,NA,-0.3,0.08,NA,-0.22,0.08,-0.13,0.11,-0.21,-0.26,-0.21,NA,-0.2,NA,-0.35,NA,-0.19,0.02,NA,NA,-0.01,NA,-0.04,NA,NA,-0.17,-0.26,NA
Jun-93,0.01,-0.05,NA,0.17,NA,0.12,NA,NA,-0.1,NA,0.01,-0.01,NA,NA,,-0.12,NA,0.08,NA,-0.34,0,,0.01,-0.15,NA,-0.01,0.45,NA,-0.04,0.27,NA,0.22,0.15,0.06,0.29,0.02,0.05,0.16,NA,0.05,NA,0.13,NA,-0.02,-0.1,NA,NA,0.03,NA,0.11,NA,NA,-0.04,0.08,NA
Jul-93,0.11,0.05,NA,-0.01,NA,0.09,NA,NA,0.1,NA,-0.23,0.13,NA,NA,,-0.12,NA,0.1,NA,1.6,0.06,,-0.08,0.57,NA,0.24,0.25,NA,-0.17,0.16,NA,-0.03,0.19,0.19,-0.17,0.41,0.16,0.18,NA,0.16,NA,-0.1,NA,0.12,0,NA,NA,-0.2,NA,0.08,NA,NA,-0.02,-0.11,NA
Aug-93,0.16,0.03,NA,0.32,NA,0.19,NA,NA,0.22,NA,0.22,-0.07,NA,NA,,0.1,NA,0.47,NA,0.38,0.03,,0.43,-0.08,NA,0.52,0.27,NA,0.16,0.25,NA,0.26,0.37,-0.08,0.05,0.73,0.19,0.47,NA,0.38,NA,-0.02,NA,0.42,0.29,NA,NA,0.07,NA,0.73,NA,NA,0.28,0.21,NA
Sep-93,0.16,0.14,NA,0.03,NA,0.21,NA,NA,0.26,NA,0.14,-0.07,NA,NA,,0.09,NA,0.16,NA,-0.23,0.23,,0.24,-0.17,NA,0.27,0.33,NA,0.26,0.27,NA,0.1,0.31,0.26,0.36,0.06,0.09,0.44,NA,0.24,NA,0.11,NA,-0.04,0.01,NA,NA,-0.02,NA,0.32,NA,NA,0.18,0.18,NA
Oct-93,0.08,0.14,NA,0.08,NA,0.12,NA,NA,0.04,NA,0.53,0.03,NA,NA,,0.11,NA,0.04,NA,0.4,-0.17,,-0.24,-0.07,NA,-0.15,0.06,NA,0.03,0.13,NA,0.1,0.08,0.04,0.09,-0.02,0.11,0.05,NA,-0.12,NA,-0.08,NA,0.03,-0.04,NA,NA,0.15,NA,0.15,NA,NA,0.03,0.06,NA
Nov-93,0.06,0.06,NA,0.03,NA,0.11,NA,NA,0.13,NA,0.06,0.06,NA,NA,,0.18,NA,0.06,NA,0.54,0.63,,-0.05,0.18,NA,-0.09,0.25,NA,0.31,0.22,NA,0.32,0.17,0.04,0.23,-0.06,0.21,0.16,NA,-0.03,NA,-0.22,NA,0.32,NA,NA,NA,0.48,NA,0.2,NA,NA,0.14,0.32,NA
Dec-93,0.12,0.25,NA,0.01,NA,-0.13,NA,NA,0.1,NA,0.18,-0.12,NA,NA,,0.18,NA,0.05,NA,0.95,0.11,,0.2,0.19,NA,-0.06,0.29,NA,0.51,0.09,NA,0.16,-0.01,-0.02,0.17,0.06,0.31,0.27,NA,0.05,NA,0.14,NA,0.06,0.02,NA,NA,0.41,NA,0.28,NA,NA,0.16,0.33,NA
Jan-94,0.3,0.14,NA,0.59,NA,0.11,NA,NA,0.71,NA,0.21,0.28,NA,NA,,0.28,NA,0.08,NA,1,-0.19,,0.36,0.17,NA,-0.1,0.17,NA,0.46,0.16,NA,0.21,0.44,0.04,0.07,0.37,0.73,0.04,0.09,0.09,NA,-0.71,NA,0.03,0.35,NA,NA,0.13,NA,-0.03,NA,NA,0.15,0.33,NA
Feb-94,0.25,0.31,NA,-0.11,NA,0.42,NA,NA,0.13,NA,0.51,0,NA,NA,,0.38,NA,0.37,NA,0.67,0.72,,0.34,0.24,NA,0.26,0.51,NA,0.33,0.32,NA,0.17,0.41,0.09,0.21,0.29,0.42,0.53,-0.16,0.26,NA,-0.59,NA,0.1,-0.07,NA,NA,0.17,NA,0.37,NA,NA,0.33,0.26,NA
Mar-94,0.32,0.34,NA,-0.08,NA,0.53,NA,NA,0.27,NA,0.81,0.43,NA,NA,,0.35,NA,0.56,NA,2.38,0.47,,0.56,0.45,NA,0.35,0.18,NA,0.75,0.4,NA,0.31,0.56,-0.11,0.19,0.31,0.46,0.49,0.15,0.24,NA,-0.18,NA,0.4,0.06,NA,NA,0.28,NA,0.33,NA,NA,0.38,0.53,NA
Apr-94,0.38,0.33,NA,-0.13,NA,0.01,NA,NA,0.22,NA,0.34,-0.09,NA,NA,,0.25,NA,0.26,NA,0.34,0.45,,0.32,0.14,NA,0.4,0.87,NA,1.15,0.21,NA,0.26,0.31,0.18,0.49,0.78,0.45,0.32,0.22,0.23,NA,-0.65,NA,0.21,0.23,NA,NA,0.23,NA,0.19,NA,NA,0.35,0.67,NA
May-94,0.26,0.23,NA,0.32,NA,0.01,NA,NA,0.25,NA,-0.13,0.32,NA,NA,,0.32,NA,0.39,NA,-0.32,-0.1,,0.12,0.27,NA,0.41,0.2,NA,0.79,0.07,NA,0.37,0.33,0.01,0.03,0.19,0.44,0.54,0.25,0.39,NA,-0.67,NA,0.8,0.06,NA,NA,0.41,NA,0.34,NA,NA,0.39,0.58,NA
Jun-94,0.23,0.25,NA,-0.22,NA,0.09,NA,NA,0.46,NA,0.16,-0.07,NA,NA,,0.3,NA,-0.01,NA,0.03,0.25,,0.25,0.24,NA,0.3,0.06,NA,0.45,-0.01,NA,0.05,0.13,0.27,-0.01,0.52,0.45,0.16,0.12,0.44,NA,-0.67,NA,0.16,0.22,NA,NA,0.47,NA,0.29,NA,NA,0.29,0.25,NA
Jul-94,0.07,0.03,NA,0.04,NA,0.01,NA,NA,-0.08,NA,0.09,-0.22,NA,NA,,0.21,NA,-0.05,NA,0.42,0.2,,-0.02,-0.47,NA,0.04,-0.1,NA,0.2,-0.04,NA,-0.14,-0.02,-0.14,0.34,0.01,0.15,-0.07,-0.01,0.05,NA,-0.52,NA,0.04,0.08,NA,NA,0,NA,-0.01,NA,NA,0.1,0.03,NA
Aug-94,0.05,0.18,NA,-0.2,NA,0.1,NA,NA,-0.02,NA,0.06,-0.08,NA,NA,,0.22,NA,-0.02,NA,0,-0.21,,-0.09,0.31,NA,0.09,0.05,NA,0.35,-0.02,NA,0.03,0.09,0.15,0.2,0.02,-0.01,0.1,0.03,0.06,NA,-0.39,NA,-0.08,-0.1,NA,NA,-0.26,NA,0.1,NA,NA,0.17,0.21,NA
Sep-94,-0.03,0.04,NA,-0.12,NA,-0.01,NA,NA,-0.02,NA,-0.39,-0.05,NA,NA,,0.15,NA,0.03,NA,-0.1,0.2,,-0.04,-0.08,NA,-0.06,-0.22,NA,0.23,-0.13,NA,0.05,0.01,0.06,-0.29,0.24,0.09,0.12,-0.18,0.1,NA,-0.71,NA,-0.1,-0.06,NA,NA,-0.16,NA,0.11,NA,NA,0.09,0.15,NA
Oct-94,0.02,0.1,NA,-0.23,NA,-0.17,NA,NA,-0.05,NA,-0.12,-0.12,NA,NA,,0.05,NA,-0.03,NA,0.07,-0.03,,0.11,-0.27,NA,0.11,-0.03,NA,0.23,-0.22,NA,0.03,-0.01,-0.03,0.09,-0.05,-0.07,-0.19,-0.09,0.26,NA,-0.68,NA,0.13,-0.17,NA,NA,-0.32,NA,0.01,NA,NA,0.08,0.13,NA
Nov-94,-0.05,0.14,NA,-0.14,NA,-0.07,NA,NA,0.01,NA,0.31,-0.16,NA,NA,,0.15,NA,-0.09,NA,-0.11,0,,-0.25,-0.07,NA,0.26,-0.23,NA,0.12,-0.25,NA,0.03,-0.14,0,-0.2,0.39,-0.34,-0.09,-0.03,0.12,NA,-0.48,NA,-0.16,-0.02,NA,NA,-0.4,NA,-0.01,NA,NA,0.14,0.08,NA
Dec-94,-0.14,-0.11,NA,0.16,NA,-0.14,NA,NA,-0.17,NA,-0.28,-0.15,NA,NA,,-0.05,NA,-0.25,NA,-0.46,-0.42,,-0.27,-0.33,NA,0.05,-0.44,NA,0.05,-0.22,NA,0.03,-0.2,-0.28,-0.29,-0.1,-0.15,-0.24,-0.06,0.05,NA,-0.76,NA,-0.22,-0.1,NA,NA,-0.33,NA,-0.23,NA,NA,-0.03,0.04,NA
Jan-95,-0.21,-0.07,NA,-0.51,NA,-0.21,NA,NA,-0.42,NA,0.06,-0.15,NA,-0.47,,0.03,NA,-0.13,NA,-0.33,-0.21,,-0.35,-0.21,NA,-0.18,-0.26,NA,0.05,-0.32,NA,-0.17,-0.37,-0.16,-0.44,-0.05,-0.26,-0.16,-0.16,-0.15,NA,0,-0.3,-0.35,-0.1,NA,NA,0.06,NA,-0.06,NA,NA,-0.04,-0.05,NA
Feb-95,-0.2,-0.2,NA,-0.19,NA,-0.17,NA,NA,0.03,NA,-0.05,-0.15,NA,-0.38,,-0.08,NA,-0.2,NA,0.2,-0.38,,-0.3,-0.59,NA,-0.19,-0.08,NA,-0.08,-0.36,NA,0.13,-0.35,-0.25,-0.1,-0.32,-0.23,-0.31,-0.26,-0.45,NA,-0.35,-0.11,-0.28,-0.06,NA,NA,-0.13,NA,-0.33,NA,NA,-0.11,0.01,NA
Mar-95,-0.24,-0.2,NA,-0.06,NA,-0.3,NA,NA,-0.09,NA,-0.54,-0.24,NA,-0.3,,-0.12,NA,-0.4,NA,-0.61,-0.08,,-0.33,-0.34,NA,-0.29,-0.17,NA,-0.07,-0.35,NA,0,-0.33,0.24,0.01,-0.32,-0.36,-0.35,-0.33,-0.38,NA,-0.37,0.04,-0.42,-0.17,NA,NA,-0.32,NA,-0.26,NA,NA,-0.16,-0.04,NA
Apr-95,-0.27,-0.26,NA,0.16,NA,-0.38,NA,NA,-0.29,NA,-0.42,-0.39,NA,-0.61,,-0.14,NA,-0.35,NA,-0.35,-0.13,,-0.46,-0.49,NA,-0.37,-0.51,NA,-0.18,-0.39,NA,-0.05,-0.39,-0.38,-0.32,-0.39,-0.39,-0.42,-0.33,-0.29,NA,0.29,-0.46,-0.43,NA,NA,NA,-0.32,NA,-0.37,NA,NA,-0.21,-0.13,NA
May-95,-0.22,-0.19,NA,-0.18,NA,-0.13,NA,NA,-0.16,NA,0.33,0.04,NA,-0.15,,-0.03,NA,-0.14,NA,0.13,-0.28,,-0.39,-0.32,NA,-0.35,-0.16,NA,-0.06,-0.26,NA,0.03,-0.32,-0.06,-0.37,-0.12,-0.28,-0.33,-0.21,-0.36,NA,0,-0.31,-0.44,-0.32,NA,NA,-0.18,NA,-0.28,NA,NA,-0.13,-0.02,NA
Jun-95,-0.15,-0.12,NA,0,NA,-0.21,NA,NA,-0.2,NA,-0.37,-0.09,NA,-0.08,,-0.06,NA,0.03,NA,-0.12,-0.33,,-0.31,-0.17,NA,-0.14,-0.14,NA,0.06,-0.29,NA,-0.03,-0.17,-0.25,-0.18,-0.21,-0.25,-0.24,0,-0.29,NA,0,0.03,-0.33,0.03,NA,NA,-0.3,NA,-0.24,NA,NA,-0.08,0.02,NA
Jul-95,-0.1,-0.17,NA,0.21,NA,-0.12,NA,NA,-0.16,NA,-0.12,0.26,NA,0.25,,-0.02,NA,-0.12,NA,-0.19,0.1,,-0.14,0.09,NA,-0.11,-0.22,NA,0.02,-0.24,NA,0.17,-0.31,-0.32,-0.15,-0.33,-0.14,-0.15,0.01,-0.2,NA,-0.57,-0.09,-0.22,0.07,NA,NA,0.14,NA,-0.15,NA,NA,-0.04,0.09,NA
Aug-95,-0.05,0.04,NA,0.06,NA,0.13,NA,NA,0.06,NA,0.09,0.16,NA,-0.19,,0.07,NA,0.04,NA,-0.09,0.04,,0.09,-0.11,NA,-0.09,-0.18,NA,0.06,-0.11,NA,0.19,-0.07,0.02,0.06,-0.15,0.19,-0.22,0.25,0.02,NA,-0.53,NA,-0.11,0.05,NA,NA,0.29,NA,-0.04,NA,NA,0.02,0.11,NA
Sep-95,-0.01,0.01,NA,0.3,NA,-0.05,NA,NA,-0.11,NA,0.46,-0.01,NA,0.2,,0.11,NA,-0.07,NA,0.04,-0.24,,-0.03,0.1,NA,-0.13,-0.06,NA,-0.05,-0.08,NA,0.06,-0.1,-0.21,0.21,-0.22,0.01,-0.19,0.41,-0.11,NA,0.13,-0.01,0.11,0.28,NA,NA,0.25,NA,-0.06,NA,NA,0.01,0,NA
Oct-95,-0.01,-0.08,NA,0.66,NA,0.09,NA,NA,0.12,NA,-0.09,0.53,NA,0.49,,-0.04,NA,-0.02,NA,0.27,-0.03,,0.32,0.66,NA,0.03,-0.11,NA,0.12,0.07,NA,0.21,0.14,-0.04,0.14,-0.02,0.29,0.12,0.32,0,NA,0.58,0.07,-0.04,0.35,NA,NA,0.2,NA,0.09,NA,NA,0.03,0.16,NA
Nov-95,0.01,-0.09,NA,0.39,NA,0,NA,NA,-0.14,NA,0.22,0.57,NA,0.05,,-0.19,NA,-0.14,NA,0.06,-0.5,,0.46,-0.09,NA,0.08,-0.13,NA,0.08,-0.04,NA,0.21,0.09,-0.22,0.24,-0.21,0.56,0.08,0.13,-0.2,NA,0.59,0.07,0.01,0.61,NA,NA,0.59,NA,0.07,NA,NA,-0.04,0.14,NA
Dec-95,0.08,-0.07,NA,-0.17,NA,0.17,NA,NA,-0.02,NA,-0.02,0.12,NA,0.12,,0.21,NA,-0.01,NA,0.45,0.38,,-0.06,0.26,NA,0,0.15,NA,0.06,0,NA,0.05,0.1,-0.38,0.07,-0.16,-0.05,0.06,0.08,-0.1,NA,-0.53,0.05,0.02,0.55,NA,NA,NA,NA,0.03,NA,NA,0.11,0.06,NA
Jan-96,0.06,0.03,NA,0.7,NA,0.32,NA,NA,0.21,NA,0.42,0.19,NA,0.33,,0.06,NA,0.14,NA,0.5,0.32,,0.24,-0.11,NA,0.19,0.17,NA,0.38,0.25,NA,0.47,0.17,-0.11,0.76,0.03,0.18,0.05,0.09,-0.02,NA,0,0.49,0.33,0.75,NA,NA,NA,NA,0.23,NA,NA,0.17,0.42,NA
Feb-96,0.1,0.04,NA,0.43,NA,0.24,NA,NA,-0.02,NA,-0.13,0.55,NA,0.06,,0.15,NA,0.05,NA,-0.13,0.61,,0.19,1.27,NA,0.32,0,NA,0.58,0.34,NA,0.13,0.39,-0.09,0.13,0.28,0.31,0.16,0.49,-1,NA,0.18,0.17,0.1,0.82,NA,NA,NA,NA,0.42,NA,NA,0.25,0.36,NA
Mar-96,0.22,0.2,NA,0.28,NA,0.24,NA,NA,0.04,NA,0.21,0.5,NA,-0.11,,0.15,NA,0.3,NA,1.18,-0.13,,0.43,0.15,NA,0.32,0.1,NA,0.43,0.29,NA,0.14,0.28,-0.05,-0.08,0.06,0.36,0.01,0.31,0.59,NA,-0.41,0.08,0.12,0.79,NA,NA,NA,NA,0.3,NA,NA,0.23,0.3,NA
Apr-96,0.32,0.35,NA,0.47,NA,0.75,NA,NA,0.38,NA,0.23,0.98,NA,0.12,,0.31,NA,0.37,NA,0.04,0.08,,0.82,0.69,NA,0.56,0.74,NA,0.65,0.75,NA,0.32,0.72,0.1,0.65,0.45,0.53,0.56,0.58,0.52,NA,-0.32,0.59,0.82,NA,NA,NA,NA,NA,0.51,NA,NA,0.42,0.51,NA
May-96,0.24,0.2,NA,1,NA,0.19,NA,NA,0.16,NA,0.08,-0.05,NA,0.2,,0.27,NA,0.1,NA,0.12,0.15,,0.91,0.81,NA,0.57,0.16,NA,0.46,0.51,NA,0.32,0.43,0.15,1.22,0.21,0.57,0.14,0.5,0.58,NA,1.07,0.67,0.35,1.48,NA,NA,NA,NA,0.03,NA,NA,0.33,0.39,NA
Jun-96,0.16,0.12,NA,0,NA,0.27,NA,NA,-0.01,NA,-0.04,0.34,NA,0.14,,0.01,NA,0.15,NA,0.23,0.04,,0.09,0.09,NA,0.04,0.01,NA,0.06,0.49,NA,0.07,0.18,0.08,0.13,0.03,0.12,0.02,0.1,0.39,NA,0,0.13,0.27,0.46,NA,NA,NA,NA,-0.05,NA,NA,0.03,0.07,NA
Jul-96,0.12,0.32,NA,0.03,NA,0.06,NA,NA,0.26,NA,-0.4,0.02,NA,0,,0.12,NA,0.45,NA,0.03,-0.3,,0.39,0.18,NA,0.2,0.17,NA,0.5,0.26,NA,0.26,0.53,0.56,0.32,0.59,0.32,0.02,0.31,0.47,NA,0.23,0.33,0.49,0.35,NA,NA,NA,NA,0.21,NA,NA,0.21,0.39,NA
Aug-96,0.07,0,NA,0.08,NA,-0.05,NA,NA,0.02,NA,-0.32,0.04,NA,0.23,,0.06,NA,0.02,NA,-0.1,-0.14,,0.16,0.13,NA,0.08,0.09,NA,0.15,0.31,NA,0.04,0.18,0.05,0.19,0.26,0.17,0.22,0.09,0.23,NA,-0.28,-0.04,0.38,0.71,NA,NA,NA,NA,-0.03,NA,NA,0.06,0.1,NA
Sep-96,0.09,-0.03,NA,-0.02,NA,0.04,NA,NA,0.23,NA,0.01,0.28,NA,-0.33,,0.31,NA,0,NA,0.14,-0.32,,0.04,0.02,NA,0.11,0.28,NA,0.3,0.14,NA,-0.1,0.08,-0.11,0.46,0.26,0.24,0.1,-0.03,0.06,NA,-0.06,0.02,0.12,0.43,NA,NA,NA,NA,-0.11,NA,NA,0.18,0.12,NA
Oct-96,0.03,0.16,NA,0.39,NA,0.11,NA,NA,0.05,NA,0.52,-0.15,NA,-0.35,,0.37,NA,0.21,NA,0.08,-0.26,,0.04,-0.06,NA,0,0.13,NA,0.31,0.23,NA,-0.07,0.15,0.07,0.1,0.11,0.08,0.05,-0.13,-0.14,NA,-0.33,0.02,0.34,0.37,NA,NA,NA,NA,-0.12,NA,NA,0.18,0.14,NA
Nov-96,0.05,-0.04,NA,-0.31,NA,0.12,NA,NA,0.25,NA,-0.45,-0.23,NA,-0.33,,0.36,NA,0.48,NA,-0.17,0.02,,-0.17,0.35,NA,-0.01,0.18,NA,0.15,0.17,NA,-0.09,-0.03,-0.13,-0.08,0,0.05,-0.08,-0.15,0.51,NA,-0.34,0.07,0.29,0.07,NA,NA,NA,NA,-0.15,NA,NA,0.14,0.04,NA
Dec-96,0.06,0.2,NA,0.12,NA,0.04,NA,NA,0.03,NA,0.05,0.19,NA,-0.27,,0.1,NA,0.12,NA,-0.24,-0.32,,0.22,0,NA,0.1,0.09,NA,0.15,0.11,NA,-0.13,0.27,1.02,NA,0.12,0.09,-0.11,-0.09,0.02,NA,0.89,0.12,0.03,0.15,NA,NA,NA,NA,-0.1,NA,NA,0.06,0.02,NA
Jan-97,0.07,-0.01,NA,-0.08,NA,0.27,NA,NA,0.1,NA,-0.29,-0.01,NA,0.67,,0,NA,0.54,NA,0.29,-0.18,,0.15,0.51,NA,-0.05,-0.11,NA,0.34,0.33,NA,-0.01,0.37,0.08,0.64,-0.02,-0.02,0.09,0.1,-0.06,NA,0.08,0.03,0.36,0.11,NA,NA,NA,NA,0.04,NA,NA,0.04,0.19,NA
Feb-97,0.11,0.01,NA,-0.16,NA,-0.03,NA,NA,0.23,NA,-0.41,0.03,NA,0.03,,0.08,NA,0.32,NA,0.14,-0.44,,0.42,-0.36,NA,-0.08,-0.12,NA,0.01,0.22,NA,0.08,0.23,0.27,1.04,0.06,-0.17,0.02,-0.03,NA,NA,-0.15,0.16,0.4,-0.01,NA,NA,NA,NA,-0.16,NA,NA,0.02,0.04,NA
Mar-97,0.06,-0.08,NA,-0.09,NA,-0.24,NA,NA,0.02,NA,-0.14,-0.14,NA,0.45,,0.13,NA,0.12,NA,-0.19,0.28,,-0.13,0.3,NA,-0.06,0,NA,-0.06,0.02,NA,-0.01,0.12,-0.02,1.26,-0.13,0.05,0.11,-0.12,0.15,NA,0.5,-0.02,0.28,-0.06,NA,NA,NA,NA,-0.13,NA,NA,0.02,-0.04,NA
Apr-97,0,0.19,NA,-0.02,NA,0,NA,NA,0.04,NA,0.31,-0.02,NA,0.62,,0.05,NA,0.4,NA,0.1,-0.45,,-0.01,0.38,NA,0.05,-0.18,NA,-0.05,0,NA,-0.19,0.09,0.42,0.75,-0.07,-0.04,-0.02,-0.2,0.03,NA,0.07,0.1,-0.11,0.02,NA,NA,NA,NA,-0.01,NA,NA,0.01,-0.1,NA
May-97,0.04,0.07,NA,-0.3,NA,0.28,NA,NA,-0.02,NA,-0.35,-0.06,NA,-0.31,,0.08,NA,0.22,NA,-0.11,-0.15,,-0.24,0.17,NA,-0.02,0.13,NA,0,0.06,NA,-0.26,0.09,0.23,0.74,0.09,-0.19,0.42,-0.32,-0.04,NA,-0.29,1.3,0.28,-0.07,NA,NA,NA,NA,0.37,NA,NA,0.03,-0.11,NA
Jun-97,0.04,0.09,NA,0.26,NA,0.05,NA,NA,0.1,NA,0.36,0.02,NA,0.38,,0.18,NA,-0.02,NA,-0.24,-0.02,,0.21,0.18,NA,0.15,0.53,NA,0.15,-0.02,NA,-0.17,0.13,0.07,1.27,0.15,-0.03,0.09,-0.11,0.08,NA,-0.24,1.65,0.16,-0.01,NA,NA,NA,NA,0.2,NA,NA,0.13,0.02,NA
Jul-97,0.1,0.1,NA,0.3,NA,0.4,NA,NA,-0.02,NA,1.39,0.3,NA,0.58,,0.23,NA,0.21,NA,0.06,-0.12,,-0.01,0.47,NA,0.04,0.51,NA,-0.07,0.37,NA,-0.14,0.29,0.25,1.13,0.18,0.06,0.17,-0.11,0.05,NA,0.19,1.85,0.15,0.08,NA,NA,NA,NA,0.22,NA,NA,0.1,-0.1,NA
Aug-97,0.15,0.23,NA,-0.03,NA,0.35,NA,NA,0.03,NA,0.06,0.14,NA,0.04,,0.16,NA,0.22,NA,0.15,0.45,,0.04,0.24,NA,0.06,0.4,NA,0.78,0.09,NA,-0.07,0.17,0.09,0.91,0.24,0.02,0.09,-0.04,0.06,NA,0.15,2.04,0.07,0,NA,NA,NA,NA,0.22,NA,NA,0.21,0.44,NA
Sep-97,0.12,0.15,NA,0.27,NA,0.35,NA,NA,-0.07,NA,-0.07,0.06,NA,1.43,,0.2,NA,0.47,NA,0.27,0.15,,0.41,0.63,NA,0.3,0.24,NA,0.62,0.28,NA,0.06,0.3,0.63,0.71,0.1,0.03,0.15,0.06,0.09,NA,0.31,2.15,0.33,0,NA,NA,NA,NA,0.25,NA,NA,0.27,0.41,NA
Oct-97,0.19,0.18,NA,-0.15,NA,0.2,NA,NA,0.02,NA,0.16,0.13,NA,1.17,,0.24,NA,0.21,NA,-0.05,0.02,,0.34,0.13,NA,0.34,0.22,NA,0.72,0.18,NA,0.1,0.26,0.47,1.13,0.17,0.14,0.16,0.3,0.28,NA,0.35,2.02,0.22,0.14,NA,NA,NA,NA,0.34,NA,NA,0.32,0.48,NA
Nov-97,0.15,0.27,NA,0.51,NA,0.19,NA,NA,-0.15,NA,0.22,0.16,NA,1.28,,0.03,NA,0,NA,-0.03,-0.27,,0.48,0.33,NA,0.09,0.23,NA,0.51,0.1,NA,-0.13,0.26,0.57,1.24,0.38,-0.03,0.17,0.12,0.17,NA,0.13,1.09,0.13,-0.16,NA,NA,NA,NA,0.22,NA,NA,0.1,0.25,NA
Dec-97,0.16,0.15,NA,0.36,NA,0.05,NA,NA,0,NA,0.07,-0.07,NA,0.41,,0.19,NA,0.19,NA,0.55,0.21,,0.02,0.08,NA,0.24,0.27,NA,0.11,0.34,NA,0.19,0.19,0.21,NA,0.08,0.11,0.04,0.19,0.26,NA,0.35,1.76,0.64,-0.03,NA,NA,NA,NA,0.4,NA,NA,0.2,0.14,NA
Jan-98,0.13,0.11,NA,-0.06,NA,-0.2,NA,NA,-0.13,NA,-0.15,0.01,NA,-0.1,,0.14,NA,-0.19,NA,-0.1,-0.08,,0.06,0.36,NA,0.14,0.23,NA,-0.24,0.02,NA,0.41,0.02,0.65,0.31,0.2,0.14,0.09,0.05,0.48,0.07,-0.29,1.86,0.03,0.15,NA,NA,NA,NA,0.11,NA,NA,0.1,-0.01,NA
Feb-98,0.13,0.21,NA,0.53,NA,0.03,NA,NA,0.21,NA,0.23,-0.07,NA,-0.06,,0.08,NA,0.25,NA,-0.17,0.32,,0.01,0.92,NA,0.18,0.27,NA,-0.02,0.16,NA,0.29,0.21,0.02,0.04,0.13,0.18,0.21,0.09,0.05,0.3,-0.82,1.23,0.23,0.42,NA,NA,NA,NA,0.3,NA,NA,0.12,0.11,NA
Mar-98,0.14,0.31,NA,0.19,NA,0.64,NA,NA,0.17,NA,0.53,0,NA,-0.13,,0.18,NA,-0.18,NA,0.17,-0.14,,0.22,0.14,NA,0.52,0.2,NA,0.01,0.33,NA,0.51,0.18,0.28,0.15,0.23,-0.13,0.24,0.12,0.06,0.34,-0.33,2,0.5,0.44,NA,NA,NA,NA,0.45,NA,NA,0.28,0.21,NA
Apr-98,0.16,0.03,NA,-0.09,NA,0.25,NA,NA,0.06,NA,-0.06,0.09,NA,0.38,,0.15,NA,-0.09,NA,0.13,0.35,,0.12,0.18,NA,0.35,0.3,NA,0.13,0.16,NA,0.89,-0.01,-0.02,0.12,0.37,-0.04,0.03,0.07,0.01,-0.01,-0.75,2.1,0.4,0.58,NA,NA,NA,NA,0.26,NA,NA,0.25,0.4,NA
May-98,0.22,0.3,NA,0.56,NA,0.18,NA,NA,0.34,NA,0.62,0.43,NA,0.7,,0.16,NA,-0.05,NA,-0.15,0.13,,0.38,-0.35,NA,0.27,0.43,NA,-0.06,0.11,NA,0.67,0.12,-0.01,-0.15,0.51,0.2,-0.11,0.21,0.23,0.12,-0.91,0.23,-0.08,0.38,NA,NA,NA,NA,0.3,NA,NA,0.2,0.2,NA
Jun-98,0.21,0.14,NA,0.8,NA,0.3,NA,NA,0.32,NA,0.14,0.32,NA,-0.14,,0.26,NA,0.06,NA,0,-0.08,,0.26,0.31,NA,0.31,0.13,NA,0.17,0.45,NA,1.25,0.21,0.22,0.35,0.66,0.18,0.22,0.14,0.2,0.13,-0.44,0.33,0.46,0.19,NA,NA,NA,NA,0.33,NA,NA,0.33,0.53,NA
Jul-98,0.18,0.16,NA,0.15,NA,-0.1,NA,NA,0.28,NA,0.19,0.19,NA,0.25,,0.2,NA,0.11,NA,0.45,0.3,,0.45,0.13,NA,0.4,0.51,NA,0.31,0.2,NA,1,0.13,0.14,0.05,0.62,0.16,0.16,0.04,0.07,0.39,-0.63,0.24,0.17,0.98,NA,NA,NA,NA,0.3,NA,NA,0.34,0.58,NA
Aug-98,0.12,-0.05,NA,0.42,NA,-0.09,NA,NA,0.24,NA,0.17,0.11,NA,-0.22,,0.1,NA,-0.06,NA,0.68,-0.13,,0.25,0.31,NA,0.16,0.26,NA,-0.41,0.12,NA,1.09,-0.03,0.24,0.12,0.45,-0.1,0.05,-0.08,-0.09,0.23,-0.67,0.13,0.07,0.25,NA,NA,NA,NA,0.01,NA,NA,0.07,-0.02,NA
Sep-98,0.07,0.02,NA,0.29,NA,-0.05,NA,NA,0.33,NA,0.18,0.21,NA,-0.01,,0.07,NA,-0.12,NA,-1,0.43,,0.1,0.06,NA,0.1,0.21,NA,-0.22,0.2,NA,1.25,0,-0.41,0.13,0.5,0.14,-0.11,-0.05,0.11,0.17,-0.52,0.1,0.01,0.09,NA,NA,NA,NA,0.27,NA,NA,0.12,0.19,NA
Oct-98,0.05,-0.11,NA,0.24,NA,0.04,NA,NA,0.31,NA,-0.36,0.02,NA,-0.12,,-0.03,NA,-0.17,NA,0.13,0.16,,-0.06,0.32,NA,-0.04,0.37,NA,-0.3,0.17,NA,1.18,-0.09,-0.04,-0.04,0.48,-0.07,0.16,-0.17,-0.17,-0.15,-0.41,0.09,-0.16,0.21,NA,NA,NA,NA,0.02,NA,NA,0.01,0.12,NA
Nov-98,0.13,0.13,NA,0.22,NA,0.16,NA,NA,0.46,NA,0.26,0.13,NA,-0.18,,0.12,NA,-0.05,NA,0.11,1.03,,0.03,0.13,NA,0.05,0.5,NA,-0.19,0.82,NA,1.5,-0.1,0.18,0.19,0.52,0.08,0.03,0.04,-0.09,0.55,-0.31,0.34,0.01,0.14,NA,NA,NA,NA,0.02,NA,NA,0.13,0.28,NA
Dec-98,0.16,0.19,NA,0,NA,0.01,NA,NA,0.58,NA,0.51,0.48,NA,0.87,,0.05,NA,0.15,NA,0.09,0.33,,0.27,0.51,NA,0.1,0.42,NA,0.4,0.44,NA,1.27,0.01,0.27,0.04,0.78,0.08,0.34,0.13,0.03,0.42,0.13,0.12,-0.06,0.32,NA,NA,NA,NA,0.1,NA,NA,0.21,0.75,NA
Jan-99,0.12,-0.01,NA,0.45,NA,0.32,NA,NA,0.03,NA,0.49,0.32,NA,0.33,,0,NA,-0.06,NA,0.61,0.65,,0.19,0.28,NA,0.09,0.69,NA,0.22,0.23,NA,0.44,0.03,-0.28,0.41,0.21,0.15,0.15,0.18,0.05,0.33,1.4,0.02,-0.04,-0.14,NA,NA,NA,NA,0,NA,NA,0.09,0.33,NA
Feb-99,0.1,0.49,NA,0.23,NA,0.43,NA,NA,0.16,NA,0.48,0.18,NA,0.31,,-0.06,NA,0,NA,0.45,0.14,,0.05,-0.15,NA,0.03,0.77,NA,0.21,0.18,NA,0.33,0.01,0.09,0.54,0.43,0.28,0.06,0.16,-0.09,0.19,11,0.4,-0.13,0,NA,NA,NA,NA,-0.09,NA,NA,0.04,0.27,NA
Mar-99,0.1,0.4,NA,0.73,NA,0.11,NA,NA,0.19,NA,0.13,0.15,NA,0.29,,0.05,NA,0.37,NA,-0.14,0.02,,0.27,-0.05,NA,-0.05,0.5,NA,0.49,0.09,NA,0.33,0,0.01,0.39,0.65,0.43,0.19,0.38,-0.09,0.15,2.2,0.11,-0.16,-0.08,NA,NA,NA,NA,-0.14,NA,NA,0.09,0.41,NA
Apr-99,0.07,0.06,NA,0.6,NA,0.16,NA,NA,0.25,NA,-0.14,0.36,NA,0.18,,0.01,NA,0.07,NA,-0.25,0.26,,0.09,0.03,NA,-0.02,0.54,NA,0.14,0.18,NA,0.23,0.19,0.03,0.21,0.33,0.28,0.24,0.25,0.08,0.27,6.25,0.2,-0.08,-0.14,NA,NA,NA,NA,-0.1,NA,NA,0.04,0.18,NA
May-99,0.03,-0.03,NA,-0.12,NA,0.03,NA,NA,0.06,NA,0.05,-0.02,NA,0.25,,-0.12,NA,-0.07,NA,0.52,0.39,,0.09,0.78,NA,0.01,0.08,NA,0.22,0.18,NA,0.33,-0.13,-0.1,0.33,0.05,0.03,0.15,0.19,-0.12,0.29,9,0.12,0,-0.11,NA,NA,NA,NA,-0.23,NA,NA,-0.02,0.27,NA
Jun-99,0.05,0.17,NA,-0.04,NA,0.04,NA,NA,0.15,NA,0.03,0.05,NA,0.34,,-0.04,NA,0.13,NA,0.46,0.55,,-0.03,0.09,NA,-0.06,0.4,NA,0.09,0.2,NA,0.11,0.13,0.02,-0.01,0.13,0.09,0.06,0.21,0.03,0.07,2.56,0.1,-0.17,0.16,NA,NA,NA,NA,0.02,NA,NA,0,0.1,NA
Jul-99,0.09,0.13,NA,0.12,NA,0.33,NA,NA,0.48,NA,0.05,0.14,NA,0.02,,0.02,NA,-0.07,NA,-0.4,0.03,,-0.03,0.2,NA,-0.07,0.05,NA,0.04,0.37,NA,0.24,-0.09,-0.09,0.06,-0.08,0.01,0.11,0.27,-0.05,0.17,4,0.05,-0.05,-0.29,NA,NA,NA,NA,-0.12,NA,NA,0.01,0.14,NA
Aug-99,0.05,0.15,NA,0.06,NA,0.14,NA,NA,0.24,NA,0.22,0.37,NA,1.12,,0.07,NA,-0.05,NA,0.04,0.32,,-0.13,-0.26,NA,-0.01,0.19,NA,0.15,0.33,NA,0.06,0.02,-0.08,0.17,-0.06,0.28,0.06,0.2,0.1,0.41,6.4,0.31,0,0.18,NA,NA,NA,NA,-0.02,NA,NA,0.05,0.1,NA
Sep-99,0.15,0.55,NA,0.35,NA,0.21,NA,NA,0.23,NA,0.03,0.17,NA,0.03,,0.17,NA,0,NA,NA,-0.12,,-0.13,0.01,NA,-0.06,0.26,NA,0.13,0.28,NA,-0.08,0.06,0.7,0.24,-0.09,0.06,0.14,0.24,0.04,0.45,3.9,0.09,-0.02,0.37,NA,NA,NA,NA,-0.14,NA,NA,0.06,0.02,NA
Oct-99,0.12,0.33,NA,0.1,NA,-0.02,NA,NA,0.08,NA,0.13,0.48,NA,0.32,,0.06,NA,-0.08,NA,-0.2,0.09,,0.06,-0.13,NA,-0.07,-0.01,NA,-0.07,0.21,NA,-0.13,0.04,0.05,0.26,-0.04,0.12,-0.04,0.32,0.12,0.16,1.31,0.16,-0.08,-0.05,NA,NA,NA,NA,-0.08,NA,NA,-0.02,-0.1,NA
Nov-99,0.04,0.34,NA,0.11,NA,-0.11,NA,NA,0.13,NA,0.19,0.35,NA,0.24,,0.08,NA,0.14,NA,-0.13,-0.26,,0.05,-0.15,NA,0.01,0.18,NA,0.11,-0.11,NA,-0.12,0.18,-0.15,0.28,-0.16,0.19,-0.06,0.31,0.16,-0.01,1.33,0.07,0,0.28,NA,NA,NA,NA,0.1,NA,NA,0.04,-0.02,NA
Dec-99,-0.04,0.25,NA,-0.15,NA,0.08,NA,NA,0.06,NA,-0.09,0.16,NA,-0.15,,0.02,NA,-0.11,NA,0.14,-0.24,,0.01,-0.08,NA,-0.03,-0.04,NA,-0.1,-0.04,NA,-0.19,-0.07,-0.23,0.29,-0.21,0.05,0.07,-0.01,-0.03,-0.18,0.42,0.12,0.11,-0.09,NA,NA,NA,NA,-0.14,NA,NA,-0.05,-0.15,NA
Jan-00,-0.07,0.19,NA,0.06,NA,-0.1,NA,NA,-0.06,NA,-0.19,0,NA,0,,0.02,NA,-0.21,NA,-0.44,-0.13,,0.18,-0.38,NA,0.01,-0.16,NA,0.18,0.09,0.31,-0.16,-0.04,0.01,-0.19,0.07,-0.15,-0.1,-0.18,-0.15,0.18,0.04,-0.09,-0.1,0.04,NA,NA,NA,NA,-0.15,NA,NA,0,-0.01,NA
Feb-00,0.08,-0.09,NA,-0.12,NA,-0.04,NA,NA,0.05,NA,0.32,0.62,NA,-0.02,,0.29,NA,0.13,NA,-0.14,-0.02,,0.2,0.34,NA,0.26,-0.07,NA,0.22,0.04,-0.08,0.08,0.1,0.15,0.05,0.1,-0.1,0.15,0.02,0.41,0.25,-0.29,-0.03,0.09,-0.1,NA,NA,NA,NA,0.02,NA,NA,0.22,0.15,NA
Mar-00,0.13,-0.16,NA,-0.11,NA,-0.12,NA,NA,0.26,NA,-0.02,0.19,NA,1.06,,0.09,NA,0.02,NA,0.23,0.22,,0.03,0.23,NA,0.12,0.07,NA,0.02,0.23,0.49,0.04,0.16,-0.17,0.11,-0.01,-0.1,0.08,-0.14,0.24,0.11,0.13,0.13,0.06,-0.04,NA,NA,NA,NA,0.15,NA,NA,0.09,0.03,NA
Apr-00,-0.04,-0.12,NA,-0.07,NA,-0.24,NA,NA,0.08,NA,0.18,0.14,NA,0.01,,0.06,NA,-0.16,NA,0.3,-0.32,,-0.08,-0.03,NA,0.01,-0.13,NA,0.04,0.05,0.06,-0.06,-0.07,-0.21,0.14,-0.15,-0.21,-0.07,-0.18,-0.08,0.18,0.55,-0.19,-0.15,-0.16,NA,NA,NA,NA,-0.06,NA,NA,0.02,-0.01,NA
May-00,0.03,0.13,NA,0.06,NA,-0.06,NA,NA,0.08,NA,0.25,0.93,NA,0.34,,0.24,NA,-0.02,NA,-0.34,-0.01,,0.13,-0.1,NA,0.09,0.3,NA,0.21,0.24,0.03,0.07,0.03,-0.04,0.4,-0.05,-0.02,0.01,-0.06,0.1,0.24,0.45,0.01,-0.04,0.13,NA,NA,NA,NA,0.03,NA,NA,0.17,0.14,NA
Jun-00,-0.02,-0.12,NA,0.02,NA,-0.17,NA,NA,0.09,NA,0.04,0.34,NA,0.9,,0.04,NA,-0.18,NA,0.05,0.14,,0.05,0.05,NA,0.06,-0.03,NA,0.04,0.04,-0.17,0.02,-0.15,-0.2,0.42,-0.04,-0.12,-0.02,-0.11,-0.18,0.38,0.41,0.07,0.02,0.15,NA,NA,NA,NA,-0.26,NA,NA,0.02,0.03,NA
Jul-00,-0.07,-0.1,NA,-0.11,NA,-0.34,NA,NA,-0.21,NA,-0.08,-0.06,NA,0.29,,-0.13,NA,-0.37,NA,0.34,0.34,,-0.26,-0.28,NA,-0.14,-0.07,NA,-0.07,-0.1,-0.16,-0.13,-0.1,-0.2,0.2,-0.21,-0.16,-0.1,-0.2,-0.13,0.05,-0.31,-0.18,-0.24,-0.1,NA,NA,NA,NA,-0.25,NA,NA,-0.13,-0.1,NA
Aug-00,0.02,0.33,NA,0.17,NA,-0.01,NA,NA,0.08,NA,0.28,0.41,NA,0.31,,0.06,NA,0.15,NA,-0.19,-0.26,,0.14,-0.13,NA,0.06,0.03,NA,0.16,0.17,-0.26,-0.03,0.03,0.09,0.32,-0.03,-0.05,0.27,0.1,-0.04,0.11,-0.08,-0.07,-0.09,0.13,NA,NA,NA,NA,-0.05,NA,NA,0.05,0.06,NA
Sep-00,0.01,-0.02,NA,-0.17,NA,-0.14,NA,NA,-0.05,NA,-0.05,-0.01,NA,0.87,,-0.06,NA,-0.06,NA,0.34,0.67,,0.2,-0.03,NA,0.04,-0.02,NA,0.05,0.12,-0.03,0.11,0.01,-0.09,0.2,0.14,-0.05,0.16,0.02,-0.25,0.09,0.04,0.07,-0.11,0.07,NA,NA,NA,NA,-0.02,NA,NA,-0.01,0.08,NA
Oct-00,0.04,0.15,NA,-0.19,NA,0.09,NA,NA,-0.14,NA,0.23,0.01,NA,0.26,,-0.01,NA,-0.03,NA,-0.03,0.4,,-0.07,0.07,NA,0.1,0.11,NA,0.28,0.16,-0.31,0.09,0.01,-0.1,0.2,-0.02,-0.02,-0.18,0.02,0.02,0.28,0.46,0.01,0.08,0.41,NA,NA,NA,NA,0.01,NA,NA,0.06,0.18,NA
Nov-00,0.05,-0.15,NA,-0.04,NA,0.03,NA,NA,0.12,NA,0.01,-0.03,NA,0.72,,0.04,NA,-0.15,NA,0.52,0.27,,0.05,0.06,NA,0.14,0.05,NA,0.26,0.29,0.13,0.17,0.09,-0.12,0.15,0.16,-0.1,-0.06,-0.03,-0.03,0.51,-0.31,0.1,-0.17,0.3,NA,NA,NA,NA,-0.09,NA,NA,0.1,0.21,NA
Dec-00,0.01,-0.3,NA,0.29,NA,-0.2,NA,NA,0.02,NA,0,-0.06,NA,0.7,,-0.05,NA,-0.35,NA,-0.21,0.33,,-0.02,-0.31,NA,0.02,-0.03,NA,-0.03,0.11,0.17,0.07,0.04,-0.29,0.09,-0.07,-0.3,-0.17,-0.2,-0.25,0.33,0.24,-0.08,-0.24,0.26,NA,NA,NA,NA,-0.07,NA,NA,-0.02,0.02,NA
1-Jan,0.07,0.09,NA,0.28,NA,-0.17,NA,NA,0.87,NA,0.17,0.34,NA,0.75,,0.04,NA,-0.02,NA,0.28,0.04,,-0.19,0.17,NA,0.01,0.34,NA,-0.01,0.27,-0.09,0.07,0.04,-0.17,0.28,0,-0.13,-0.04,-0.16,-0.09,0.11,0.04,0.16,-0.11,0.56,NA,NA,NA,NA,0.21,NA,NA,0.04,0.03,NA
1-Feb,-0.1,-0.24,NA,0.15,NA,-0.28,NA,NA,0.25,NA,-0.05,-0.14,NA,0.66,,-0.09,NA,-0.42,NA,0.32,0.12,,-0.26,0,NA,-0.18,0.14,NA,-0.08,0.12,-0.03,-0.11,-0.19,-0.36,-0.02,-0.1,-0.22,-0.33,-0.33,-0.38,0.24,0.18,-0.17,-0.26,0.16,NA,NA,NA,NA,-0.07,NA,NA,-0.11,-0.1,NA
1-Mar,-0.15,-0.1,NA,-0.01,NA,-0.18,NA,NA,0,NA,-0.04,0.26,NA,-0.33,,-0.07,NA,-0.27,NA,0.14,0.29,,-0.2,-0.11,NA,-0.11,0.02,NA,-0.07,0.01,-0.49,-0.03,-0.11,-0.03,-0.03,-0.13,-0.23,-0.19,-0.31,-0.27,0.22,-0.11,-0.14,-0.2,0.26,NA,NA,NA,NA,-0.07,NA,NA,-0.07,-0.06,NA
1-Apr,0,-0.23,NA,-0.11,NA,-0.23,NA,NA,-0.06,NA,0.05,0.03,NA,0,,-0.02,NA,-0.21,NA,0,0.81,,-0.16,-0.13,NA,-0.07,0.13,NA,0.08,0.18,-0.34,-0.02,-0.05,-0.05,-0.12,-0.41,-0.3,-0.04,-0.4,-0.34,-0.07,-0.13,-0.12,-0.07,0.11,NA,NA,NA,NA,-0.12,NA,NA,-0.02,0.03,NA
1-May,-0.08,-0.17,NA,-0.03,NA,-0.39,NA,NA,0.19,NA,-0.05,-0.24,NA,0.09,,0.05,NA,-0.27,NA,0,0.19,,-0.39,-0.21,NA,-0.04,-0.14,NA,0.02,-0.04,-0.56,0,0.01,-0.05,-0.11,-0.22,-0.15,-0.04,-0.37,-0.41,0.19,0.24,-0.16,-0.12,0.07,NA,NA,NA,NA,-0.03,NA,NA,0.02,0.01,NA
1-Jun,0.01,-0.21,NA,0.04,NA,-0.23,NA,NA,0.04,NA,0.22,0.01,NA,-0.32,,0.08,NA,-0.11,NA,0.14,-0.34,,-0.2,-0.07,NA,-0.07,-0.02,NA,0.09,0.07,-0.52,0.16,0.01,-0.01,-0.18,-0.3,-0.16,-0.11,-0.25,-0.35,0.11,0.02,-0.15,-0.2,-0.02,NA,NA,NA,NA,0.23,NA,NA,0.07,0.12,NA
1-Jul,0.03,-0.16,NA,0.04,NA,0.01,NA,NA,0.16,NA,0.06,0.2,NA,-0.11,,0.19,NA,0.13,NA,0.18,0.3,,-0.23,-0.05,NA,0.11,-0.04,NA,0.4,0.02,-0.02,0.06,0.13,-0.05,-0.03,-0.08,-0.1,0.21,-0.2,-0.2,0.33,0.88,-0.05,-0.12,0.2,NA,NA,NA,NA,0.26,NA,NA,0.19,0.22,NA
1-Aug,0.01,-0.24,NA,-0.13,NA,-0.14,NA,NA,-0.09,NA,-0.02,-0.1,NA,-0.42,,0.16,NA,-0.2,NA,0.02,0.89,,-0.16,0.37,NA,0.1,-0.13,NA,0.27,0.06,0,0.06,0.14,-0.19,-0.1,-0.16,-0.07,-0.27,-0.27,-0.12,0.13,0.26,-0.14,-0.12,-0.06,NA,NA,NA,NA,0.18,NA,NA,0.15,0.17,NA
1-Sep,-0.09,-0.37,NA,-0.22,NA,-0.23,NA,NA,-0.13,NA,-0.18,0.16,NA,-0.47,,-0.01,NA,-0.27,NA,-0.31,-0.07,,-0.42,-0.19,NA,0.01,-0.11,NA,-0.04,-0.16,-0.42,-0.17,-0.08,-0.25,-0.17,-0.29,-0.3,-0.28,-0.35,-0.08,0,-0.37,-0.3,-0.19,-0.24,NA,NA,NA,NA,-0.11,NA,NA,-0.04,-0.1,NA
1-Oct,-0.11,-0.29,NA,0.16,NA,-0.28,NA,NA,-0.03,NA,0.13,0.11,NA,-0.28,,0.06,NA,-0.31,NA,0.38,0.02,,-0.1,-0.28,NA,-0.04,-0.12,NA,0.09,-0.06,-0.34,0.07,-0.02,-0.29,-0.17,-0.28,-0.34,0.21,-0.41,-0.37,0.01,-0.07,-0.3,-0.14,-0.2,NA,NA,NA,NA,-0.06,NA,NA,0.04,0.08,NA
1-Nov,-0.14,-0.24,NA,-0.09,NA,-0.13,NA,NA,-0.13,NA,-0.11,0.13,NA,-0.33,,-0.04,NA,-0.12,NA,-0.07,0.63,,-0.19,-0.12,NA,-0.1,-0.16,NA,-0.08,-0.2,-0.38,0.03,-0.08,-0.1,-0.2,-0.37,-0.13,0.02,-0.34,-0.34,-0.13,0.48,-0.17,-0.06,-0.21,NA,NA,NA,NA,-0.03,NA,NA,-0.05,-0.03,NA
1-Dec,0.02,-0.19,NA,-0.08,NA,-0.08,NA,NA,-0.15,NA,0.17,0.05,NA,-0.42,,0.03,NA,-0.04,NA,-0.06,0,,-0.04,0.32,NA,0.05,0.11,NA,0.16,-0.15,-0.39,-0.03,-0.01,0.06,-0.06,-0.16,0.18,-0.16,0.01,-0.03,0.05,-0.5,-0.12,-0.13,-0.24,NA,NA,NA,NA,0.1,NA,NA,0.05,0.06,NA
2-Jan,0.18,0.12,NA,-0.09,-0.25,0.54,NA,NA,-0.13,NA,0.16,0.12,NA,-0.39,,0.28,NA,0.23,NA,0.38,0.33,,0.2,0.14,-0.14,0.24,0.04,NA,0.28,0.15,-0.29,0.3,0.25,0.2,0.03,-0.1,0.25,0.46,0.57,0.07,0.02,-0.23,0.08,0.35,-0.04,NA,NA,NA,NA,0.14,NA,NA,0.26,0.29,NA
2-Feb,0.27,0.43,NA,0,-0.21,0.38,NA,NA,-0.19,NA,-0.06,0.03,NA,-0.24,,0.23,NA,0.18,NA,-0.33,0.24,,0.38,0.07,-0.42,0.32,0.1,NA,0.19,0.22,0.94,0.13,0.5,0.39,0.11,-0.01,0.45,0.3,0.83,0.5,-0.11,0.35,0.1,0.31,-0.09,NA,NA,NA,NA,0.35,NA,NA,0.24,0.16,NA
2-Mar,0.19,0.13,NA,0.08,0,0.34,NA,NA,-0.03,NA,0.13,-0.18,NA,-0.05,,0.12,NA,0.31,NA,0.02,-0.13,,0.3,0.19,-0.15,0.19,0.08,NA,0.22,0.03,0.2,0,0.27,0,-0.08,-0.14,0.34,0.07,0.58,0.05,0,0.16,0.05,0.4,-0.07,NA,NA,NA,NA,0.23,NA,NA,0.14,0.11,NA
2-Apr,0.22,0.64,NA,0.13,0.09,0.68,NA,NA,0.03,NA,0.14,0.17,NA,-0.05,,0.22,NA,0.42,NA,0.09,0.41,,0.5,0.45,0.12,0.26,0.31,NA,-0.05,-0.07,0.78,0.21,0.29,0.41,0.26,0.73,0.87,-0.1,1.18,0.51,0.24,0,0.3,0.37,0.02,NA,NA,NA,NA,0.47,NA,NA,0.2,0.07,NA
2-May,0.2,0.23,NA,0.26,0.62,0.64,NA,NA,-0.08,NA,0.04,0.1,NA,-0.18,,0.03,NA,0.65,NA,0.83,0.41,,0.7,0.27,0.03,0.21,0.3,NA,0.2,0.05,1.24,0.13,0.35,0.15,0.24,0.29,0.45,-0.05,0.82,1.01,-0.02,0.19,0.29,0.55,0.05,NA,NA,NA,NA,0.33,NA,NA,0.12,0.17,NA
2-Jun,0.1,0.33,NA,-0.09,0.23,0.13,NA,NA,-0.11,NA,-0.04,-0.17,NA,0.02,,-0.05,NA,0.06,NA,-0.24,1.09,,0.42,0.1,0.21,0.05,0.09,NA,0.09,-0.09,1.16,-0.09,0.06,0.01,0.04,0.06,0.23,0,0.19,0.22,0.04,0.09,0.02,0.11,-0.06,NA,NA,NA,NA,-0.01,NA,NA,-0.01,0,NA
2-Jul,0.04,0.22,NA,-0.08,0,0.03,NA,NA,-0.01,NA,0.08,0,NA,-0.13,,-0.09,NA,0.03,NA,-0.02,0.01,,0.56,0.18,0.02,0.07,0.2,NA,0.15,0.03,0.7,0.08,0.12,0.03,0.12,0.21,0.11,-0.27,0.15,0.35,-0.16,0.16,0.12,0.51,-0.01,NA,NA,NA,NA,-0.02,NA,NA,0.01,0.12,NA
2-Aug,0.02,-0.04,NA,0,-0.21,-0.04,NA,NA,0.08,NA,0.16,-0.14,NA,0.59,,-0.09,NA,-0.1,NA,-0.04,-0.1,,0.41,0.03,0.15,-0.08,0.2,NA,0.03,-0.07,0,0.15,0.02,0.05,0.03,0.06,-0.09,-0.02,-0.1,0.04,-0.03,0.05,-0.04,0.31,-0.13,NA,NA,NA,NA,0.05,NA,NA,-0.03,0.08,NA
2-Sep,0.06,0.13,NA,-0.04,0.31,0.04,NA,NA,0.15,NA,0.34,-0.07,NA,0.16,,0.04,NA,0.1,NA,0.34,0.24,,0.5,0.24,-0.11,0,0.22,NA,0.18,0.03,0.28,0.16,0.1,0.01,0.06,-0.06,0.11,0.02,0.08,-0.07,-0.12,0.38,0.14,0.26,0.06,NA,NA,NA,NA,0.05,NA,NA,0.07,0.17,NA
2-Oct,0.13,0.07,NA,-0.1,0.79,0.39,NA,NA,0.26,NA,0.07,-0.05,NA,0.3,,0.1,NA,0.54,NA,-0.21,0.23,,0.51,0.26,0.13,0.18,0.3,NA,0.05,0.07,0.76,0.07,0.19,0.29,0.26,0.11,0.44,-0.18,0.33,0.2,0.24,-0.12,0.28,0.17,0.15,NA,NA,NA,NA,0.21,NA,NA,0.11,0.06,NA
2-Nov,0.18,0.17,NA,0.06,-0.05,0.04,NA,NA,0.05,NA,0.29,-0.01,NA,0.06,,0.11,NA,0.14,NA,-0.03,-0.14,,0.12,0.13,-0.07,0.09,0.24,NA,0.2,0.13,0.24,0.01,0.16,0.12,0.23,0.31,0.08,-0.03,0.12,0.2,-0.15,-0.19,0.07,0.34,0.16,NA,NA,NA,NA,0.15,NA,NA,0.11,0.11,NA
2-Dec,0.13,0.37,NA,0.01,0.55,0.2,NA,NA,0.1,NA,-0.09,0.08,NA,0.95,,0.14,NA,0.42,NA,0.58,0.43,,0.29,0.03,-0.23,0.12,0.09,NA,0.16,0.27,0.29,0.18,0.26,0.26,0.17,-0.14,0.15,0.09,0.07,0.41,-0.01,0.87,0.12,0.48,0.24,NA,NA,NA,NA,0.09,NA,NA,0.14,0.17,NA
3-Jan,0,-0.02,NA,-0.23,0.81,-0.2,NA,NA,0,NA,0.01,0.2,NA,0.18,,0,NA,-0.13,NA,-0.34,0.09,,0.08,-0.25,-0.43,0,0.06,NA,0.02,-0.02,0.5,0.03,0.04,0,0.2,-0.13,-0.08,-0.4,-0.17,-0.17,0.02,0.15,-0.02,-0.05,0.02,NA,NA,-0.12,NA,0.05,NA,NA,0.01,0.02,NA
3-Feb,-0.04,-0.19,NA,-0.21,0.15,-0.09,NA,NA,0.24,NA,0.19,-0.06,NA,0.27,,-0.02,NA,-0.31,NA,0.27,-0.07,,-0.29,-0.02,-0.26,-0.1,-0.07,NA,0.13,-0.03,-0.08,0.07,-0.14,-0.19,-0.02,-0.02,-0.22,0,-0.34,-0.18,0.05,0.04,-0.02,-0.05,0.11,NA,NA,-0.13,NA,-0.07,NA,NA,-0.01,0.1,NA
3-Mar,-0.01,-0.07,NA,-0.23,0.07,-0.24,NA,NA,-0.02,NA,-0.03,0.19,NA,-0.11,,-0.03,NA,-0.24,NA,-0.07,0.11,,-0.04,-0.19,-0.33,-0.06,0.07,NA,-0.02,-0.02,0.38,0.05,-0.12,0.09,0.04,-0.03,-0.12,-0.25,-0.27,-0.1,-0.03,0.03,-0.14,-0.17,-0.15,NA,NA,-0.06,NA,-0.2,NA,NA,-0.04,0.01,NA
3-Apr,-0.04,-0.1,NA,-0.17,0.03,-0.19,NA,NA,0.18,NA,0.14,-0.13,NA,-0.05,,-0.06,NA,-0.1,NA,-0.11,-0.05,,-0.13,-0.32,-0.33,-0.02,-0.12,NA,0.17,0.08,-0.03,-0.05,-0.01,-0.04,0.06,-0.01,-0.12,-0.02,-0.25,-0.11,-0.06,-0.15,-0.16,-0.07,-0.08,NA,NA,0.33,NA,0.01,NA,NA,-0.02,0.06,NA
3-May,0,0.01,NA,-0.18,-0.42,-0.09,NA,NA,0,NA,0,-0.16,NA,-0.27,,-0.05,NA,-0.16,NA,-0.4,-0.08,,0.06,0.03,-0.57,-0.07,-0.12,NA,0,0.03,-0.08,-0.06,-0.02,0.01,0.07,-0.19,-0.08,-0.14,-0.12,-0.26,-0.02,-0.16,-0.14,-0.07,-0.02,NA,NA,-0.03,NA,-0.18,NA,NA,-0.06,-0.03,NA
3-Jun,0.03,0,NA,-0.18,-0.14,0,NA,NA,-0.03,NA,-0.06,0.11,NA,0.06,,-0.02,NA,0.24,NA,0.16,-0.08,,0.01,-0.16,-0.62,0.02,0.06,NA,0.08,0.11,0.16,-0.03,0.05,0.02,0.11,-0.03,0.05,-0.14,0.13,0.17,-0.16,-0.1,-0.05,0.12,0.09,NA,NA,-0.08,NA,-0.13,NA,NA,-0.01,0.03,NA
3-Jul,0.15,0.15,NA,0.11,0.38,0.15,NA,NA,0.03,NA,-0.03,0.08,NA,0,,0.14,NA,0.31,NA,-0.13,0.03,,0.29,0.22,-0.56,0.17,0.24,NA,0.07,0.16,0.03,0.01,0.21,0.24,0.32,-0.09,0.34,0.12,0.37,-0.02,0.05,-0.19,0.1,-0.01,0.02,NA,NA,0.11,NA,0.01,NA,NA,0.11,0.04,NA
3-Aug,0.21,0.25,NA,-0.05,0.09,0.25,NA,NA,0.13,NA,-0.25,0.14,NA,-0.11,,0.06,NA,0.34,NA,0.07,0.24,,0.06,-0.08,-0.48,0.16,0.26,NA,0.07,0.16,0.65,-0.09,0.26,0.03,0.25,-0.18,0.41,0.21,0.63,0.07,0,-0.31,0.15,0.05,0.24,NA,NA,0.09,NA,0.03,NA,NA,0.05,-0.01,NA
3-Sep,0.24,0.45,NA,0.06,0.43,0.29,NA,NA,0.15,NA,0.21,0.38,NA,0.57,,0.15,NA,0.34,NA,0.19,-0.08,,0.3,0.15,-0.37,0.14,0.41,NA,0.17,0.26,0.46,0.26,0.33,0.74,0.5,0.17,0.4,0.1,0.66,0.7,0.16,0.25,0.26,0.16,0.4,NA,NA,0.08,NA,0.24,NA,NA,0.17,0.21,NA
3-Oct,0.16,0.16,NA,0.18,0,0.12,NA,NA,0.34,NA,0.04,0.24,NA,0.01,,0.08,NA,0.12,NA,0.38,0.17,,0.25,0.04,-0.32,0,0.18,NA,0.2,0.21,0.34,0.02,0.07,0.38,0.37,0.11,0.24,0.29,0.46,0.41,0.04,0.23,0.21,0.21,0.24,NA,NA,0.2,NA,0.07,NA,NA,0.07,0.11,NA
3-Nov,0.17,0.08,NA,-0.09,-0.03,0.13,NA,NA,0.2,NA,-0.08,0.31,NA,-0.1,,0.02,NA,0.1,NA,0.03,0.35,,0.36,0.09,-0.16,-0.03,0.05,NA,0.08,0.09,0.07,0.11,0.09,0.35,0.37,-0.03,0.15,-0.07,0.38,0.36,0.24,0.23,-0.02,-0.07,0.19,NA,NA,-0.33,NA,-0.08,NA,NA,0.02,0.09,NA
3-Dec,0.1,0.11,NA,0.09,-0.12,0.35,NA,NA,0.13,NA,0.24,0.2,NA,-0.23,,0.02,NA,0.18,NA,-0.1,0.18,,0.13,0.15,0.55,0,0.19,NA,0.22,0.12,0.35,0.14,0.05,0.26,0.3,0.53,0.09,0.04,0.36,0.08,0.18,-0.35,0.06,-0.08,0.05,NA,NA,0.12,NA,0.02,NA,NA,0.06,0.18,NA
4-Jan,0.04,-0.1,NA,0.2,0.29,-0.04,NA,NA,0.08,NA,-0.01,0.01,NA,-0.07,,-0.04,NA,0.17,-0.63,0.24,0.31,,-0.06,0.17,0.51,-0.09,-0.04,NA,0.15,0.04,0.16,0.1,-0.04,0.09,0.02,0.08,0.15,0.2,0.1,0.33,-0.08,0.13,-0.11,0.12,0.04,NA,NA,-0.21,0.09,-0.06,NA,NA,0,0.13,NA
4-Feb,0.05,0.02,NA,0.1,0.3,-0.15,NA,NA,0.11,NA,-0.21,0.27,NA,-0.05,,-0.05,NA,0.37,-0.08,-0.14,0.79,,0.54,-0.25,1.07,-0.08,0.06,NA,0.2,0.09,-0.03,0.14,0.1,0.14,0.35,-0.19,0.23,-0.07,0.28,0,0.13,-0.04,0.07,0.03,0.19,NA,NA,0.25,0.04,-0.18,NA,NA,0,0.17,NA
4-Mar,0.08,0.06,NA,0.74,0.14,0.11,NA,NA,0.11,NA,0.21,0.28,NA,0.63,,0.02,NA,0.41,-0.4,-0.05,0.94,,0.1,0.48,0.61,-0.1,0.26,NA,0.39,0.28,0.07,0.21,0.17,0.2,0.5,0.2,0.14,0.38,0.53,0.44,-0.02,-0.18,0.28,0.12,0.52,NA,NA,0.24,0.1,0,NA,NA,0.07,0.31,NA
4-Apr,0.11,0.01,NA,0.59,0.79,0.12,NA,NA,0.06,NA,-0.12,0.44,NA,0.11,,-0.04,NA,0.19,0.54,0.47,0.06,,0.57,0.38,1.08,-0.16,0.45,NA,0.43,0.26,0.64,0.03,0.16,0.22,0.16,-0.03,0.15,0.13,0.52,0.41,0.09,0.21,0.27,0.08,0.82,NA,NA,0.19,0.61,-0.18,NA,NA,0,0.25,NA
4-May,0.1,-0.1,NA,0.4,0.51,-0.07,NA,NA,0.01,NA,-0.1,0.28,NA,0.92,,-0.12,NA,0.05,-0.23,0.88,0.21,,0.12,0.01,1.49,-0.17,0.26,NA,0.08,0.15,0.28,0.01,0.01,0.06,-0.03,0.1,-0.01,-0.07,0.36,0.26,0.03,0.39,0.11,-0.08,0.11,NA,NA,0.06,0.29,-0.08,NA,NA,-0.08,0.05,NA
4-Jun,0.1,0.11,NA,0.38,0.27,0.45,NA,NA,0.23,NA,0.31,0.33,NA,0.24,,0.03,NA,0.12,0.2,0.56,0.63,,0.23,0.5,2.48,-0.13,0.22,NA,0.2,0.33,0.23,0.08,0.15,0.32,0.59,0.2,0.1,-0.03,0.43,0.37,0.47,0.11,0.26,0.16,0.65,NA,NA,0.22,0.61,0.05,NA,NA,0.03,0.15,NA
4-Jul,0.03,0.06,NA,0.04,-0.14,0.08,NA,NA,0.11,NA,0.13,0.29,NA,0.42,,-0.09,NA,-0.09,-0.5,0.56,0.37,,0.09,-0.18,1.9,-0.38,0.08,NA,0.06,0.23,0.34,0.06,-0.11,0.12,0.35,0.06,-0.01,0.05,0.13,0.23,0.2,0.26,0.06,0.09,0.44,NA,NA,0.11,0.2,-0.14,NA,NA,-0.11,0.06,NA
4-Aug,-0.04,-0.03,NA,0.07,0.2,-0.18,NA,NA,-0.02,NA,0.02,0.19,NA,0.17,,-0.06,NA,-0.11,0.31,0.59,0.62,,0.03,-0.16,0.78,-0.38,0.15,NA,-0.05,0.11,-0.07,0.1,-0.17,0.24,0.29,0.1,-0.15,-0.25,0.02,0.13,0.02,0.94,0.01,-0.08,0.51,NA,NA,0.2,-0.25,-0.18,NA,NA,-0.12,0.01,NA
4-Sep,-0.02,-0.08,NA,0.31,-0.22,-0.18,NA,NA,0.02,NA,-0.06,0.15,NA,-0.2,,-0.04,NA,-0.14,-0.09,0.18,0.55,,0.11,0.04,0.99,-0.23,0.05,NA,0.01,0.15,0.1,0.02,-0.08,0.03,0.26,-0.03,-0.02,0.01,0.02,0.03,0.07,-0.02,0.01,0,0.35,NA,NA,0.06,0.28,-0.21,NA,NA,-0.07,0.01,NA
4-Oct,0.03,0.01,NA,-0.05,-0.02,-0.34,NA,NA,-0.07,NA,-0.02,0.14,NA,-0.05,,-0.06,NA,-0.1,-0.1,-0.1,0.22,,-0.07,0.19,0.75,-0.18,0.14,NA,0.02,0.02,-0.07,-0.02,-0.03,-0.06,0.26,-0.1,-0.14,-0.08,-0.04,0.03,0,-0.04,-0.08,-0.1,0.25,NA,NA,0.15,0.06,-0.21,NA,NA,-0.07,0,NA
4-Nov,0.02,0.09,NA,0.23,0.32,-0.05,NA,NA,0.11,NA,0.05,0.07,NA,0.16,,0.07,NA,0.07,-0.21,0.05,0.39,,0.04,0.26,0.66,0.02,0.28,NA,0.11,0.14,0.5,0.08,0.03,0.18,0.26,0.05,0.16,0.09,0.09,0.08,0.05,-0.16,0.21,0.15,0.34,NA,NA,NA,0.16,0.02,NA,NA,0.07,0.1,NA
4-Dec,0,-0.23,NA,0.08,-0.23,-0.3,NA,NA,0.31,NA,-0.01,0.1,NA,-0.1,,0.07,NA,-0.21,-0.08,0,0.19,,0.14,0.11,0.25,0.02,0.14,NA,0.02,0.09,0.14,0.01,0.01,-0.17,0.37,-0.18,-0.12,-0.04,-0.09,-0.04,0.01,0.25,0.23,0.09,0.7,NA,NA,0.19,0.17,-0.11,NA,NA,0.03,0.02,NA
5-Jan,0.13,-0.2,NA,0,-0.49,-0.47,NA,NA,0.23,NA,-0.01,0.02,NA,-0.14,,0.09,NA,0.02,1,0.31,0.12,,0.27,0.2,0.2,0.12,0.33,NA,0.09,0.08,-0.13,-0.12,0.02,-0.25,0.34,-0.03,-0.17,-0.12,-0.03,-0.07,0.08,0.12,0.13,-0.07,0.41,NA,NA,0.23,-0.18,-0.14,NA,NA,0.05,-0.01,NA
5-Feb,0.01,-0.12,NA,-0.15,-0.08,-0.24,NA,NA,-0.02,NA,-0.08,0.02,NA,-0.17,,0.1,NA,-0.16,-0.36,0,0.34,,-0.03,0.29,-0.02,0.02,0.21,NA,-0.07,0.06,-0.25,0,-0.13,-0.21,0.28,0.03,-0.05,-0.13,-0.09,0.06,0.01,0.19,0.09,0,0.45,NA,NA,NA,0.1,0.07,NA,NA,0.03,-0.04,NA
5-Mar,0.03,0,0,-0.21,-0.26,-0.18,NA,NA,0.14,NA,-0.17,-0.02,NA,0,,0.1,NA,-0.08,0.56,0.37,0.37,,0.24,-0.3,0.29,0.15,0.09,NA,0.08,0.02,0.01,0.09,-0.06,-0.29,0.36,0,-0.05,-0.27,-0.11,-0.16,0.22,0,0.11,0.08,0.55,NA,NA,0.01,0.08,0.09,NA,NA,0.1,0.09,NA
5-Apr,0.05,-0.03,-0.02,-0.21,-0.26,-0.3,NA,NA,0.11,NA,-0.01,0,NA,0.44,,0.06,NA,-0.1,-0.2,0.24,0.37,,-0.07,-0.01,-0.22,0.09,-0.04,NA,-0.01,-0.04,-0.33,0.19,-0.03,-0.3,0.47,0.1,-0.16,-0.19,-0.16,-0.23,0.15,0.28,-0.04,-0.1,0.12,NA,NA,0.09,-0.07,0.09,NA,NA,0.07,0.06,NA
5-May,0.02,-0.07,-0.16,-0.41,0.36,-0.1,NA,NA,0.18,NA,0.17,0.03,NA,0.04,,0.13,NA,-0.02,0.4,-0.23,0.34,,0,0.11,-0.07,0.1,0.06,NA,0.17,-0.01,-0.08,0.16,-0.02,-0.24,0.5,0.33,-0.1,0.15,-0.13,-0.2,0.12,-0.32,0.03,0.05,0.4,NA,NA,0.43,-0.11,0.1,NA,NA,0.14,0.17,NA
5-Jun,0.03,-0.06,-0.06,-0.28,-0.11,-0.2,NA,NA,0.18,NA,-0.08,0.03,NA,0.04,,0.11,NA,-0.16,-0.22,-0.22,0.09,,0.04,-0.22,-0.18,0.12,-0.03,NA,0.17,-0.08,-0.19,0.18,-0.01,-0.32,0.09,0.14,-0.07,0.11,-0.13,-0.21,-0.1,0.16,-0.04,0.02,-0.07,NA,NA,0.23,-0.29,0.09,NA,NA,0.13,0.17,NA
5-Jul,0.03,-0.25,-0.41,-0.27,0.16,-0.21,NA,NA,0.21,NA,0.03,0,NA,-0.11,,0.06,NA,-0.2,0.63,0.02,0.36,,0.05,0.22,-0.39,0.25,-0.06,NA,0.15,-0.12,-0.29,0.05,-0.06,-0.33,-0.04,0.01,-0.18,-0.15,-0.12,-0.3,-0.03,0,0.04,-0.14,0.11,NA,NA,0.15,0.05,0,NA,NA,0.1,0.11,NA
5-Aug,0.06,-0.05,0,-0.14,-0.1,-0.07,NA,NA,0.18,NA,0.14,0.01,NA,0.11,,0.13,NA,-0.03,-0.18,-0.38,0.08,,0.01,0.45,-0.12,0.32,-0.1,NA,0.34,-0.05,0.08,0.09,0.03,-0.26,0.13,0.33,0.06,0.05,-0.09,-0.09,0.11,-0.15,0.07,-0.04,0.09,NA,NA,NA,0.25,0.12,NA,NA,0.19,0.22,NA
5-Sep,0.02,-0.13,0.12,-0.14,0.19,-0.03,NA,NA,0.23,NA,-0.08,-0.01,NA,0.08,,0.07,NA,0.08,0,-0.36,0.18,,0.06,-0.14,0.05,0.1,-0.12,NA,0.35,-0.14,-0.01,0.1,-0.02,-0.41,0.04,0.3,-0.11,-0.1,-0.09,-0.15,0.04,-0.06,0.09,0.1,0.32,NA,NA,0.18,-0.16,0.07,NA,NA,0.13,0.23,NA
5-Oct,-0.04,-0.17,-0.33,-0.47,-0.05,-0.03,NA,NA,0,NA,-0.12,-0.13,NA,-0.14,,-0.01,NA,0.08,-0.37,-0.07,-0.14,,-0.21,-0.24,-0.2,-0.09,-0.2,NA,0.04,-0.19,-0.14,0.08,-0.1,-0.25,-0.16,0.08,-0.11,-0.2,-0.13,-0.32,-0.13,-0.02,-0.12,-0.17,0.02,NA,NA,-0.1,-0.29,-0.07,NA,NA,-0.01,0.06,NA
5-Nov,-0.09,-0.14,-0.29,-0.44,-0.27,0.05,NA,NA,-0.05,NA,-0.21,-0.01,NA,-0.28,,-0.04,NA,-0.22,0.18,-0.05,-0.07,,-0.14,-0.2,-0.21,-0.17,-0.21,NA,0.17,-0.25,-0.33,0.05,-0.11,-0.31,-0.04,-0.06,-0.12,-0.21,-0.13,-0.32,0.08,-0.11,-0.25,-0.12,-0.04,NA,NA,NA,-0.08,-0.1,NA,NA,-0.02,0.11,NA
5-Dec,-0.14,-0.08,-0.1,-0.31,0,-0.15,NA,NA,-0.15,NA,-0.56,-0.12,NA,-0.14,,-0.14,NA,-0.19,-0.58,-0.27,-0.29,,-0.36,-0.18,-0.41,-0.29,-0.28,NA,0.04,-0.32,-0.23,-0.03,-0.21,-0.18,-0.22,-0.07,-0.1,-0.19,-0.15,-0.31,-0.23,0.03,-0.33,-0.26,-0.2,NA,NA,-0.18,-0.22,-0.16,NA,NA,-0.12,0.01,NA
6-Jan,-0.23,-0.04,-0.11,-0.29,-0.16,0.01,NA,NA,-0.2,NA,-0.13,-0.06,NA,0.04,,-0.17,NA,-0.22,-0.21,-0.21,-0.06,0.5,-0.38,-0.2,-0.34,-0.32,-0.22,NA,-0.12,-0.28,-0.13,-0.04,-0.2,-0.25,-0.3,-0.13,-0.13,-0.15,-0.21,-0.28,-0.2,-0.41,-0.24,-0.21,-0.17,NA,NA,-0.11,-0.1,-0.16,NA,NA,-0.17,-0.09,NA
6-Feb,-0.17,-0.09,-0.08,-0.15,-0.11,0.12,NA,NA,-0.18,NA,-0.12,-0.15,NA,0,,-0.19,NA,-0.1,0.43,0.46,-0.4,0,-0.15,-0.31,-0.38,-0.26,-0.19,NA,-0.02,-0.27,-0.37,-0.11,-0.13,-0.1,-0.32,-0.03,-0.18,-0.22,-0.14,-0.23,-0.3,-0.44,-0.25,-0.12,-0.23,NA,NA,NA,-0.02,-0.17,NA,NA,-0.16,-0.06,NA
6-Mar,-0.17,-0.12,-0.37,-0.31,-0.05,0.2,NA,NA,-0.09,NA,0.03,-0.11,NA,-0.26,,-0.15,NA,-0.16,-0.21,-0.27,-0.41,-0.3,-0.24,0.02,-0.26,-0.31,-0.23,NA,-0.07,-0.27,-0.34,-0.14,-0.1,0.03,-0.29,-0.17,-0.1,0.02,-0.13,-0.15,-0.28,-0.06,-0.21,-0.13,-0.27,NA,NA,-0.04,-0.28,-0.18,NA,NA,-0.16,-0.1,NA
6-Apr,-0.2,-0.2,-0.3,-0.3,-0.25,0.15,NA,NA,-0.24,NA,-0.14,-0.16,NA,-0.56,,-0.17,NA,-0.24,-0.56,-0.44,-0.25,1.2,-0.45,-0.32,-0.34,-0.33,-0.37,NA,-0.12,-0.38,-0.26,-0.24,-0.27,-0.12,-0.38,-0.29,-0.16,-0.31,-0.24,-0.06,-0.39,-0.35,-0.24,-0.23,-0.33,NA,NA,-0.12,-0.29,-0.38,NA,NA,-0.22,-0.17,NA
6-May,-0.24,-0.16,-0.16,-0.16,-0.6,0.04,NA,NA,-0.18,NA,-0.26,-0.18,NA,-0.47,,-0.16,NA,-0.19,-0.29,-0.07,-0.4,0,-0.35,-0.19,-0.4,-0.32,-0.31,NA,-0.15,-0.3,-0.3,-0.17,-0.2,-0.16,-0.4,-0.28,-0.08,-0.31,-0.25,-0.06,-0.32,-0.41,-0.26,-0.27,-0.32,NA,NA,-0.22,-0.23,-0.28,NA,NA,-0.2,-0.16,NA
6-Jun,-0.27,-0.24,-0.42,-0.14,-0.19,-0.07,NA,NA,-0.28,NA,-0.12,-0.16,NA,-0.31,,-0.18,NA,-0.11,-0.57,-0.31,-0.46,-0.69,-0.46,-0.24,-0.34,-0.3,-0.26,NA,-0.21,-0.39,-0.21,-0.21,-0.23,0.07,-0.38,-0.21,-0.18,-0.34,-0.25,-0.12,-0.21,-0.21,-0.29,-0.36,-0.38,NA,NA,-0.25,-0.09,-0.31,NA,NA,-0.22,-0.21,NA
6-Jul,-0.29,-0.29,-0.06,-0.17,-0.25,-0.33,NA,NA,-0.33,NA,-0.35,-0.22,NA,-0.49,,-0.24,NA,-0.21,-0.38,-0.13,-0.55,0,-0.5,-0.35,-0.3,-0.35,-0.32,NA,-0.34,-0.42,-0.57,-0.32,-0.28,-0.17,-0.49,-0.34,-0.11,-0.29,-0.32,-0.24,-0.33,-0.45,-0.45,-0.38,-0.52,NA,NA,-0.21,-0.4,-0.31,NA,NA,-0.3,-0.33,NA
6-Aug,-0.3,-0.32,-0.45,-0.15,-0.35,-0.31,NA,NA,-0.26,NA,-0.28,-0.3,NA,-0.39,,-0.24,NA,-0.04,-0.36,0.18,-0.56,0.14,-0.36,-0.46,-0.4,-0.35,-0.33,NA,-0.32,-0.42,-0.49,-0.29,-0.26,-0.21,-0.42,-0.34,-0.21,-0.18,-0.21,-0.19,-0.4,-0.31,-0.28,-0.21,-0.43,NA,NA,NA,-0.36,-0.42,NA,NA,-0.3,-0.31,NA
6-Sep,-0.29,-0.23,-0.59,-0.25,-0.45,-0.36,NA,NA,-0.34,NA,-0.22,-0.29,NA,-0.4,,-0.27,NA,-0.31,-0.2,0.12,-0.59,1,-0.53,-0.18,-0.47,-0.32,-0.29,NA,-0.42,-0.35,-0.53,-0.4,-0.32,0,-0.39,-0.25,-0.23,-0.25,-0.33,-0.39,-0.36,-0.22,-0.41,-0.39,-0.45,NA,NA,-0.31,-0.29,-0.39,NA,NA,-0.33,-0.41,NA
6-Oct,-0.27,-0.16,-0.3,0.23,-0.29,-0.25,NA,NA,-0.27,NA,-0.09,-0.26,NA,-0.17,,-0.25,NA,-0.15,-0.42,0.19,-0.43,-0.45,-0.3,-0.02,-0.39,-0.22,-0.19,NA,-0.3,-0.29,-0.43,-0.37,-0.19,-0.16,-0.34,-0.39,-0.13,-0.15,-0.26,-0.16,-0.27,-0.27,-0.29,-0.15,-0.31,NA,NA,-0.02,-0.02,-0.21,NA,NA,-0.27,-0.33,NA
6-Nov,-0.23,-0.23,-0.4,0.02,-0.17,-0.31,NA,NA,-0.24,NA,-0.06,-0.27,NA,-0.27,,-0.2,NA,-0.03,-0.38,0.18,-0.53,-0.09,-0.27,-0.15,-0.26,-0.17,-0.11,NA,-0.37,-0.21,-0.55,-0.39,-0.2,-0.17,-0.43,-0.18,-0.18,-0.01,-0.21,0.09,-0.39,-0.34,-0.13,-0.29,-0.25,NA,NA,-0.17,-0.34,-0.16,NA,NA,-0.26,-0.38,NA
6-Dec,-0.18,-0.16,-0.3,-0.19,-0.28,-0.19,NA,NA,-0.28,NA,0.84,-0.2,NA,-0.37,,-0.22,NA,-0.01,0.2,0.34,-0.21,-0.75,-0.19,-0.3,-0.2,-0.16,-0.04,NA,-0.3,-0.23,-0.33,-0.43,-0.04,-0.21,-0.32,-0.09,-0.14,0.06,-0.15,0.09,0.09,-0.19,-0.19,-0.05,-0.29,NA,NA,-0.11,-0.2,-0.24,NA,NA,-0.26,-0.36,NA
7-Jan,-0.24,-0.13,-0.22,-0.18,0.9,-0.02,NA,NA,-0.06,0.14,-0.1,-0.23,-0.4,-0.24,,-0.24,NA,-0.04,-0.45,-0.24,-0.49,-0.67,-0.14,-0.17,-0.25,-0.1,-0.14,NA,-0.24,-0.18,-0.28,-0.31,-0.08,0.09,-0.14,-0.03,0.04,-0.25,-0.06,0.04,-0.15,0.12,-0.06,-0.06,-0.21,NA,NA,-0.09,0,-0.19,NA,NA,-0.23,-0.27,NA
7-Feb,-0.21,-0.07,-0.35,0.39,-0.16,-0.13,NA,NA,-0.11,-0.11,0.19,-0.24,-0.15,-0.17,,-0.27,NA,0.47,-0.3,0.03,-0.17,0.67,-0.2,0.21,0.13,-0.03,0.09,NA,-0.23,-0.18,-0.41,-0.36,-0.08,0.07,-0.28,-0.08,-0.03,0.02,-0.05,0.22,0.23,0.44,-0.17,-0.11,-0.3,NA,NA,-0.21,-0.21,-0.02,NA,NA,-0.23,-0.29,NA
7-Mar,-0.27,-0.17,0.26,0.02,-0.11,-0.24,NA,NA,-0.24,-0.6,0.05,-0.37,-0.13,-0.31,,-0.26,NA,-0.07,0,0.18,-0.41,0.14,-0.36,-0.24,-0.26,-0.15,-0.21,NA,-0.39,-0.26,-0.35,-0.44,-0.2,-0.16,-0.4,0.03,-0.07,-0.07,-0.23,-0.1,0.04,0.03,-0.33,-0.21,-0.41,NA,NA,-0.19,0.1,-0.28,NA,NA,-0.3,-0.41,NA
7-Apr,-0.33,-0.28,0,0.13,-0.18,-0.29,NA,NA,-0.29,-0.35,-0.19,-0.52,-0.11,0.02,,-0.31,NA,0.09,0.57,0.29,-0.54,-0.36,-0.37,-0.13,0.05,-0.25,-0.06,NA,-0.45,-0.28,-0.58,-0.45,-0.13,-0.17,-0.46,-0.08,-0.08,0.17,-0.17,-0.25,0.06,-0.45,-0.39,-0.23,-0.33,-0.23,NA,-0.27,-0.06,-0.21,NA,-0.12,-0.35,-0.45,NA
7-May,-0.32,-0.2,-0.1,0.21,0.34,-0.24,NA,NA,-0.23,-0.2,0.09,-0.42,-0.16,-0.15,,-0.31,NA,0.17,-0.3,0,-0.48,-0.4,-0.32,-0.13,0.18,-0.17,0.09,NA,-0.43,-0.31,-0.32,-0.5,-0.16,-0.04,-0.41,-0.18,-0.06,-0.14,-0.1,-0.22,0.01,0.3,-0.38,-0.16,-0.39,-0.02,NA,-0.12,-0.09,-0.25,NA,-0.09,-0.34,-0.46,NA
7-Jun,-0.31,-0.26,-0.17,-0.02,-0.23,-0.32,NA,NA,-0.26,0.09,-0.24,-0.42,-0.21,-0.24,,-0.32,NA,-0.08,0.33,0.33,-0.42,0.25,-0.37,-0.08,-0.27,-0.29,-0.15,NA,-0.44,-0.27,-0.61,-0.55,-0.18,-0.25,-0.51,-0.1,-0.1,-0.01,-0.21,-0.21,-0.08,-0.2,-0.43,-0.2,-0.3,-0.13,NA,-0.2,-0.16,-0.23,NA,0.04,-0.37,-0.48,NA
7-Jul,-0.31,-0.1,-0.23,-0.06,-0.24,-0.2,NA,NA,-0.27,0.27,0.19,-0.34,-0.4,-0.07,,-0.27,NA,0.13,0.75,-0.54,-0.38,-0.5,-0.2,-0.33,-0.11,-0.13,-0.04,NA,-0.38,-0.24,0.07,-0.47,-0.14,-0.05,-0.35,0,-0.22,-0.07,-0.11,-0.01,-0.15,0.21,-0.31,-0.01,-0.19,-0.27,NA,-0.3,-0.29,-0.18,NA,-0.25,-0.3,-0.42,NA
7-Aug,-0.35,-0.26,0.08,-0.05,-0.17,-0.31,NA,NA,-0.35,0.15,-0.11,-0.39,-0.17,-0.42,,-0.37,NA,-0.26,-0.22,-0.42,-0.29,0,-0.38,-0.14,-0.04,-0.25,-0.08,NA,-0.38,-0.24,-0.49,-0.52,-0.17,-0.12,-0.5,-0.24,-0.2,-0.24,-0.27,-0.27,0.09,-0.09,-0.49,-0.25,-0.29,-0.28,NA,-0.35,0,-0.18,NA,-0.32,-0.37,-0.44,NA
7-Sep,-0.45,-0.54,-0.1,-0.41,0.1,-0.55,NA,NA,-0.34,-0.09,-0.28,-0.46,-0.49,-0.36,,-0.51,NA,-0.3,-0.13,-0.17,-0.28,0,-0.4,-0.51,-0.24,-0.43,-0.27,NA,-0.46,-0.39,-0.49,-0.57,-0.36,-0.33,NA,-0.38,-0.32,-0.34,-0.4,-0.36,-0.24,-0.33,-0.48,-0.41,NA,-0.19,NA,-0.34,-0.23,-0.47,NA,-0.14,-0.5,-0.51,NA
7-Oct,-0.46,-0.43,-0.15,-0.15,-0.21,-0.47,NA,NA,-0.32,0,-0.1,-0.35,-0.38,-0.57,,-0.51,NA,-0.32,0.57,-0.31,-0.12,0.67,-0.44,-0.39,-0.07,-0.44,-0.11,NA,-0.38,-0.31,-0.6,-0.52,-0.37,-0.15,NA,-0.06,-0.32,-0.33,-0.36,-0.25,-0.15,-0.24,-0.53,-0.38,NA,-0.44,NA,-0.41,-0.35,-0.53,NA,-0.14,-0.48,-0.44,NA
7-Nov,-0.41,-0.35,0.17,0.02,0.27,-0.42,NA,NA,-0.31,-0.57,-0.11,-0.37,-0.49,-0.22,,-0.45,NA,-0.21,0.25,-0.42,-0.02,-0.6,-0.4,-0.34,-0.06,-0.43,-0.22,NA,-0.29,-0.2,-0.22,-0.44,-0.26,-0.19,NA,-0.3,-0.27,-0.33,-0.4,-0.48,-0.25,0,-0.45,-0.25,NA,-0.37,NA,-0.39,-0.09,-0.55,NA,0.13,-0.42,-0.35,NA
7-Dec,-0.38,-0.45,-0.2,-0.11,0,-0.37,NA,NA,-0.31,-0.29,-0.4,-0.16,-0.59,-0.09,,-0.42,NA,-0.29,0,-0.42,-0.26,-0.67,-0.39,-0.49,-0.11,-0.37,-0.25,NA,-0.26,-0.19,-0.46,-0.49,-0.37,-0.22,NA,-0.42,-0.32,-0.43,-0.42,-0.53,-0.41,-0.21,-0.41,-0.48,NA,-0.33,NA,-0.22,-0.27,-0.38,NA,-0.1,-0.39,-0.35,NA
8-Jan,-0.29,-0.41,0,-0.02,-0.58,-0.3,NA,NA,-0.11,-0.19,-0.01,-0.2,-0.21,-0.18,,-0.34,NA,-0.26,-0.33,-0.18,0.08,1.5,-0.24,-0.29,-0.2,-0.38,-0.05,NA,0,-0.05,-0.43,-0.37,-0.17,-0.24,NA,-0.34,-0.44,-0.04,-0.45,-0.4,-0.17,-0.16,-0.38,-0.37,NA,-0.23,NA,-0.05,-0.08,-0.38,NA,0.29,-0.29,-0.15,NA
8-Feb,-0.28,-0.33,-0.17,-0.37,-0.11,-0.2,NA,NA,-0.05,-0.71,-0.21,0.13,-0.32,-0.28,,-0.3,NA,-0.33,-0.57,-0.47,0.05,1,-0.22,-0.44,-0.28,-0.27,-0.08,NA,-0.09,0.11,0.19,-0.21,-0.14,0,NA,-0.16,-0.22,0,-0.38,-0.45,-0.36,-0.65,-0.22,-0.29,NA,0.45,NA,0.02,-0.57,-0.37,NA,0.71,-0.25,-0.14,NA
8-Mar,-0.18,-0.32,-0.28,-0.5,-0.06,-0.19,NA,NA,-0.16,0.1,-0.41,0.23,-0.37,-0.54,,-0.36,NA,-0.4,-0.27,-0.6,0.8,-0.5,-0.28,-0.35,-0.19,-0.27,-0.03,NA,0.05,0.05,-0.34,-0.25,-0.28,-0.25,NA,-0.28,-0.31,-0.27,-0.35,-0.49,-0.26,-0.63,-0.13,-0.28,NA,0.05,NA,-0.28,-0.3,-0.39,NA,0.27,-0.25,-0.06,NA
8-Apr,0.04,0.02,-0.31,-0.19,-0.22,0.24,NA,NA,0.14,0.45,-0.09,0.79,-0.09,0.08,,-0.05,NA,-0.31,-0.36,-0.53,1.65,-0.29,0.65,-0.16,-0.35,0.15,0.21,NA,0.64,0.69,0.64,0.04,0.04,-0.03,NA,0.1,-0.11,-0.1,-0.26,-0.19,-0.2,0,0.31,0.15,NA,0.43,NA,0.13,-0.43,0.01,NA,0.92,0.13,0.41,NA
8-May,0.19,0.02,-0.41,-0.36,-0.03,0.3,NA,NA,0.27,0.25,-0.4,0.83,-0.06,-0.11,,0.08,NA,-0.31,-0.29,-0.28,2.55,0.67,0.39,-0.13,-0.32,0.12,-0.06,NA,0.75,0.76,0.09,0.42,0.13,0.01,NA,0.03,-0.22,0.2,-0.13,-0.17,-0.13,-0.08,0.48,0.07,NA,0.31,NA,0.15,-0.3,-0.13,NA,0.6,0.23,0.62,NA
8-Jun,0.26,-0.01,-0.23,-0.21,-0.17,0.47,NA,NA,0.46,-0.33,0.02,0.82,-0.05,-0.22,,0.07,NA,-0.22,-0.25,-0.44,2.03,0.8,1.04,-0.09,-0.19,0.26,0.15,NA,0.84,0.96,0.83,0.49,0.12,-0.05,NA,-0.18,-0.2,0.05,-0.07,-0.09,-0.37,-0.54,0.54,0.19,NA,0.29,NA,0.37,0,-0.16,NA,0.86,0.27,0.71,NA
8-Jul,0.4,0.14,-0.29,-0.07,0.03,0.92,NA,NA,0.66,0,-0.3,0.74,0.55,0.31,,0.45,NA,-0.12,-0.64,0.28,3.33,0.67,0.84,0.63,0.03,0.35,0.31,NA,1.17,1.28,1.1,1,0.46,0.02,NA,0.06,0.13,0.06,0.03,0.05,-0.08,-0.37,1.06,0.21,NA,0.59,NA,0.94,-0.06,0.21,NA,2.79,0.6,1.1,NA
8-Aug,0.58,0.29,-0.15,-0.22,0.21,0.97,NA,NA,0.82,0,-0.13,1.22,0,0.13,,0.42,NA,-0.12,-0.14,0.16,1.17,-0.88,1.46,0.31,-0.18,0.49,0.37,NA,1.26,1.07,2.05,0.89,0.24,-0.01,NA,0.07,-0.01,0.07,0.09,0.11,-0.13,-0.31,1.18,0.23,NA,0.56,NA,0.4,-0.16,0.13,NA,0.58,0.63,1.13,NA
8-Sep,1.04,0.98,0,0.22,0,2.35,NA,NA,1.26,0.1,0.01,1.97,0.35,0.27,,1.1,NA,0.36,-0.14,-0.26,2.21,-0.13,2.46,0.89,0.29,0.92,0.88,NA,2.58,1.86,2.68,1.89,1.1,0.14,NA,0.32,0.07,0.72,0.69,0.61,0.27,-0.07,2.01,1.01,NA,0.98,NA,0.89,-0.31,0.89,NA,2.23,1.41,2.32,NA
8-Oct,1.14,1.03,0.07,0.02,0.32,2.25,NA,NA,1.49,3,-0.24,1.59,0.94,1.06,,1.43,NA,-0.11,-0.27,-0.26,1.96,-0.3,2.76,0.7,-0.08,1.2,0.38,NA,2.44,1.73,2.94,1.9,1.23,-0.07,NA,0.53,0.25,0.83,0.42,0.25,0.14,-0.32,2.71,1.21,NA,2.34,0.07,0.96,0.08,1.2,NA,2.23,1.65,2.24,NA
8-Nov,0.88,0.45,-0.37,-0.21,-0.24,1.48,NA,NA,0.99,0.1,-0.25,1,0.34,0.14,,0.79,NA,-0.35,-0.5,-0.31,1.83,0.75,1.73,0.23,-0.21,0.71,0.22,NA,1.61,1.11,1.57,1.21,0.55,-0.22,NA,0.16,-0.09,0.19,0.16,0.07,0.16,-0.43,1.66,0.48,NA,0.86,1.58,0.62,-0.15,1.12,NA,1.65,1.02,1.46,NA
8-Dec,0.87,1.01,0.08,0.01,0.14,1.67,NA,NA,1.49,0.08,-0.14,1.02,1.5,0.59,,1.18,NA,-0.18,-0.17,0.04,3.44,6,2.69,1.71,-0.29,0.76,0.41,NA,1.8,1.4,2.62,2.11,0.9,-0.18,NA,0.66,0.09,0.81,0.4,0.46,0.2,-0.09,2.25,1.17,NA,1.77,0.47,0.87,-0.03,0.86,NA,1.13,1.34,1.9,NA
9-Jan,0.95,1.13,-0.12,0,0.24,1.61,NA,NA,1.19,0.77,-0.1,1.64,0.89,0.52,,1,1.86,-0.15,-0.75,-0.13,2.77,0,2.14,0.48,0.26,0.63,0.32,NA,1.1,1.14,2.44,1.88,0.58,-0.2,NA,0.34,0.08,0.32,0.71,0.2,-0.01,-0.13,1.89,1.1,NA,0.98,0.33,0.93,-0.36,0.8,NA,0.7,1.07,1.34,NA
9-Feb,0.86,0.67,0.05,0.05,0.08,1.25,NA,NA,1.03,1.2,-0.13,1.23,0.33,0.55,,0.97,0.82,-0.35,1,0.37,2.05,-0.9,1.79,0.74,-0.02,0.42,-0.01,NA,1.28,0.84,2,1.33,0.41,-0.22,NA,0.31,0,-0.02,0.37,0.25,0.11,0.89,1.78,0.73,NA,0.2,0.36,0.99,0.72,0.62,NA,0.95,0.97,1.3,NA
9-Mar,0.62,0.61,0.39,0.25,0.34,1,NA,NA,1.41,0.09,-0.16,1.1,0.74,1.54,,0.82,1.7,-0.15,0.38,0.67,0.94,-0.25,2.49,0.82,-0.33,0.31,0.14,NA,0.98,0.67,2.22,1.4,0.56,-0.13,NA,0.15,-0.1,0.06,0.24,0.46,-0.08,0.55,1.51,0.44,NA,0.28,0.61,1.45,0,0.78,NA,0.75,0.84,1.11,NA
9-Apr,0.43,0.39,-0.24,-0.08,0.72,0.6,NA,NA,1.06,-0.38,-0.1,0.82,-0.04,0.31,,0.57,1.21,-0.26,1,0.48,0.86,0.6,0.92,0.34,0.38,0.05,-0.01,NA,0.61,0.23,0.5,1.21,0.2,-0.26,NA,-0.13,-0.14,0.03,0.41,0.16,-0.14,0.11,0.96,0.29,NA,0.42,0,0.76,0.24,0.12,NA,0.34,0.53,0.78,NA
9-May,0.29,0.22,0.04,0.12,0.03,0.37,NA,NA,0.59,-0.4,-0.06,0.36,-0.05,0.39,,0.32,1.03,-0.1,0.6,0.32,0.22,0,0.94,0.23,-0.02,0.06,-0.02,NA,0.38,0.06,0.95,0.62,0.07,-0.21,NA,0,-0.09,-0.1,0.13,0.14,-0.07,-0.08,0.63,0.12,NA,-0.01,-0.24,0.25,0.24,0.35,NA,0.09,0.33,0.46,NA
9-Jun,0.21,0.29,0.19,0.24,0.67,0.23,NA,NA,0.45,1,-0.24,0.24,0.35,0.63,,0.36,0.35,0.06,1.17,0.67,0.26,-0.44,0.69,0.19,0.48,0.05,0.11,NA,0.3,-0.04,0.09,0.8,0.11,0.02,NA,0.17,0.13,0.14,0.29,0.22,0.19,0.71,0.84,0.03,NA,0.07,0.24,0.28,-0.2,0.15,NA,0.03,0.33,0.45,NA
9-Jul,0.17,0.25,0.42,0.15,0.73,0.12,NA,NA,0.35,0.64,-0.02,0.24,-0.2,0,,0.18,0.31,-0.06,0.2,0.19,-0.13,1.6,0.49,0.14,0.22,0.03,0.05,NA,0.26,-0.04,-0.17,0.41,0.03,0.09,NA,0.12,-0.08,0.29,0.36,0.21,0.14,0.18,0.3,0.07,NA,-0.01,-0.1,0.01,0.27,0.07,NA,-0.15,0.2,0.32,NA
9-Aug,0.1,0.07,-0.12,-0.14,0.26,-0.04,NA,NA,0.07,-0.27,0.01,-0.07,0.51,0.59,,0.06,-0.06,0.05,0.83,-0.17,0.37,7,0.13,0.19,0.34,-0.08,-0.13,NA,-0.02,-0.1,-0.31,0.38,0,0.03,NA,0.05,-0.04,-0.07,0.1,0.05,-0.06,0.09,0.14,-0.08,NA,-0.13,-0.14,0.2,-0.3,0.06,NA,0.11,0.05,0.11,NA
9-Sep,0,0.18,-0.04,-0.03,0.35,-0.13,NA,NA,0.1,0.36,0.15,-0.09,0.14,0.21,,0.06,0,-0.03,1.17,0.41,0.03,-0.14,-0.01,0.08,-0.09,0.05,-0.05,NA,-0.18,-0.18,-0.11,0.12,-0.02,0.03,NA,0.04,0.3,-0.02,0.18,0.05,0,0.04,0.05,-0.07,NA,-0.14,0.28,0.22,0.73,0.03,NA,-0.19,0,-0.08,NA
9-Oct,0.02,-0.03,0.23,0.22,0.51,-0.11,NA,NA,-0.02,-0.25,0.18,0.05,-0.05,-0.27,,-0.03,0.11,0.39,-0.13,0.65,-0.21,1,0.06,0.01,0.31,-0.03,0.18,NA,-0.19,-0.16,-0.25,0.06,-0.04,0.19,NA,0.08,0.14,-0.05,0.25,0.27,0.16,0.42,-0.07,-0.18,NA,-0.3,0.23,0.16,0.35,0.1,NA,-0.01,-0.06,-0.11,NA
9-Nov,0.06,0.13,0.64,0.12,0.93,0,NA,NA,0.17,0.82,0.28,0.17,0.4,0.35,,0.03,0.14,0.84,0.4,1,-0.29,0,-0.01,0.33,0.73,0.14,0.24,NA,-0.1,-0.15,0.17,0.09,0.08,0.41,NA,0.44,0.22,0.23,0.45,0.5,0.11,1,0.09,0.01,NA,-0.19,-0.41,0.3,0.23,-0.02,NA,-0.19,0.01,-0.04,NA
9-Dec,-0.01,0.01,0.23,0.27,0.36,-0.13,NA,NA,0.03,-0.15,0.39,-0.19,0.15,0.16,,-0.02,-0.01,0.92,1.6,0.5,-0.4,0.57,-0.1,0.08,0.9,0.06,0.19,NA,-0.16,-0.14,-0.25,-0.02,0.07,0.51,NA,0.15,0.32,0.15,0.39,0.28,0.31,0.38,-0.12,-0.12,NA,-0.18,0.25,0.15,0.65,0.08,NA,0.1,-0.04,-0.11,NA
10-Jan,-0.13,-0.11,-0.14,0.03,0.67,-0.23,0.29,0.43,-0.26,-0.39,-0.17,-0.25,-0.22,0.4,,-0.11,-0.29,0.38,6,0.8,-0.48,-0.4,-0.21,0.21,0.18,0.05,0.18,NA,-0.17,-0.25,-0.22,-0.23,-0.15,0.39,-0.31,0.13,0.4,-0.06,0.01,0.14,0.1,0.36,-0.11,-0.25,-0.3,-0.33,-0.25,-0.18,-0.14,-0.04,-0.05,-0.12,-0.13,-0.19,-0.08
10-Feb,-0.13,-0.07,0.1,0.05,0.62,-0.26,0.13,0.13,-0.1,0.18,-0.02,-0.28,0.13,0.15,,-0.08,-0.3,0.73,0,-0.12,-0.15,11,-0.23,0.06,0.57,-0.05,0.24,NA,-0.2,-0.27,-0.23,-0.15,-0.04,0.12,-0.27,-0.1,0.1,0.02,0.08,0.01,0.02,0,-0.26,-0.02,-0.25,0.05,-0.09,0.07,-0.13,-0.08,-0.07,-0.23,-0.12,-0.19,-0.08
10-Mar,-0.07,0,0,0.18,0.28,-0.14,0.83,0.41,-0.15,0.17,0.48,-0.22,-0.3,0.31,,0,-0.09,0.65,0.27,0.17,-0.27,2,-0.2,0.11,0.82,0.06,0.21,NA,-0.21,-0.05,-0.38,-0.15,0.04,0.65,-0.17,0.15,0.29,0.25,0.3,0.18,0.28,0,-0.17,-0.04,-0.2,0.14,-0.18,-0.17,-0.07,-0.02,0.03,-0.21,-0.08,-0.19,0.04
10-Apr,-0.12,-0.06,0.18,0.07,0.26,-0.07,0.11,0.54,-0.08,0.5,0.14,-0.23,0.21,0.13,,-0.05,-0.16,0.49,-0.21,0.45,-0.29,0.25,-0.2,0.01,0.11,0.06,0.16,NA,-0.23,-0.13,0.11,-0.22,-0.07,0.38,-0.24,0.11,0.18,0.13,0.04,-0.11,0.18,0.3,-0.22,-0.15,-0.24,-0.14,0.25,-0.04,0.47,0.18,0.14,-0.03,-0.1,-0.23,-0.24
10-May,0.03,0.11,0.3,0.13,0.38,-0.08,0.63,0.33,-0.07,0.33,0.2,-0.03,0.32,0.15,,-0.02,-0.32,0.29,0,-0.12,-0.31,0.6,-0.18,0.06,0.18,0.14,0.28,NA,-0.17,0.01,-0.25,-0.23,0.13,0.29,-0.17,0.02,0.3,0.16,0.25,0.15,0.08,0.23,-0.14,-0.01,-0.2,0.22,-0.04,0.19,0.11,0.07,0.3,-0.13,-0.07,-0.19,-0.13
10-Jun,-0.07,0,0,-0.05,0.22,-0.05,-0.2,0.2,0,-0.13,0.17,0.05,0,0.21,,-0.04,-0.17,0.17,0,-0.2,-0.21,1,-0.24,0.2,0.3,0.06,0.19,NA,-0.17,0.01,0.27,-0.22,0.01,0.04,-0.17,-0.03,0.07,-0.1,-0.08,-0.18,0.08,0.48,-0.13,0.06,-0.14,0.03,0.12,-0.03,0.32,0.18,-0.02,-0.2,-0.08,-0.19,-0.02
10-Jul,-0.19,-0.19,-0.06,-0.18,-0.02,-0.24,-0.69,-0.16,-0.15,-0.17,-0.31,-0.15,-0.03,0.07,,-0.22,-0.4,0.03,-0.17,-0.21,-0.22,-0.54,-0.32,-0.07,-0.04,-0.16,-0.06,NA,-0.3,-0.28,-0.06,-0.31,-0.16,-0.2,-0.26,-0.08,-0.04,-0.09,-0.18,-0.22,-0.06,0.08,-0.26,-0.19,-0.26,-0.32,0,-0.1,0.26,-0.08,-0.16,-0.34,-0.24,-0.3,-0.19
10-Aug,-0.17,-0.18,-0.03,0.2,0.11,-0.14,0.08,0.09,-0.02,0.55,-0.06,-0.01,-0.32,-0.3,,-0.1,-0.41,-0.16,0.09,0.03,-0.22,0,-0.19,0,-0.15,-0.12,0.2,NA,-0.18,-0.1,-0.32,-0.31,-0.01,-0.04,-0.19,-0.02,0.12,-0.05,-0.07,-0.03,-0.09,0.42,-0.12,0.05,-0.16,-0.12,-0.22,-0.05,0.3,0.01,-0.12,-0.17,-0.15,-0.24,-0.09
10-Sep,-0.15,-0.2,0.12,0.16,0.15,-0.08,-0.73,0.06,-0.08,-0.07,-0.1,-0.11,0.21,0.27,,-0.14,-0.29,0.04,-0.54,-0.15,-0.09,0.67,-0.15,0.06,0.28,-0.11,0.03,NA,-0.17,-0.14,-0.19,-0.27,-0.11,-0.08,-0.23,-0.03,-0.15,-0.17,-0.22,-0.07,0.04,-0.23,-0.26,-0.04,-0.17,-0.16,-0.32,-0.13,-0.37,0.06,-0.19,-0.06,-0.24,-0.21,-0.15
10-Oct,-0.21,-0.22,0.03,-0.09,-0.06,-0.22,-0.68,-0.07,-0.23,0,-0.16,-0.15,0,0.19,,-0.24,-0.28,-0.13,0.71,-0.19,-0.05,-0.14,-0.27,-0.23,0,-0.15,-0.18,NA,-0.25,-0.22,-0.26,-0.28,-0.22,-0.15,-0.25,-0.2,-0.04,-0.25,-0.19,-0.35,-0.18,0.15,-0.27,-0.26,-0.23,-0.11,-0.19,-0.11,0.09,-0.26,-0.21,-0.39,-0.23,-0.26,-0.2
10-Nov,-0.15,-0.05,0.14,-0.21,-0.21,-0.1,-0.61,0.16,-0.04,-0.4,-0.33,-0.01,-0.03,0.2,,-0.12,-0.09,-0.12,0.29,0.31,0.25,0.14,-0.11,0,-0.23,-0.14,0.08,NA,-0.14,-0.09,-0.27,-0.17,-0.12,-0.11,-0.09,-0.16,0.08,0.1,-0.03,-0.13,-0.04,0.17,-0.15,-0.13,-0.07,-0.11,0.24,0.14,0.12,0.05,-0.37,-0.07,-0.13,-0.15,-0.07
10-Dec,-0.11,0.03,0.06,-0.2,0.27,-0.07,-0.22,-0.02,-0.06,0.73,-0.03,0.22,-0.22,-0.18,,-0.09,-0.09,-0.13,-0.15,0.26,0.08,0.27,-0.15,-0.15,0,-0.07,0.13,NA,-0.08,-0.06,0.04,-0.16,-0.09,0.12,0,-0.05,0.09,-0.13,0,-0.12,-0.01,0.34,-0.12,0.01,-0.08,0.21,0.06,0.06,-0.05,-0.07,-0.05,-0.09,-0.09,-0.11,-0.02
11-Jan,0.05,0.06,1.11,-0.02,0.29,0.06,0,0.14,0.18,-0.21,0.35,0.16,0.48,0.12,,0.02,-0.15,-0.05,0.14,0.17,-0.09,0,-0.03,0.19,0.6,0,0.05,NA,-0.12,0.07,0.09,-0.06,-0.01,0.33,-0.06,0.24,0.08,-0.11,0.13,-0.01,0.18,0.11,-0.11,0.03,-0.03,0.16,0.22,0.19,0.94,0.04,0.08,-0.12,-0.03,-0.1,0.06
11-Feb,-0.04,-0.03,0.22,-0.03,0,0.14,0.56,0.08,0.06,-0.15,-0.18,0.01,0.27,0.25,,-0.1,0.21,0.03,1.5,0.48,-0.26,-0.33,0.13,0.04,0.05,-0.08,0.1,NA,-0.04,0.04,-0.05,-0.01,-0.04,-0.01,0,0.2,0.07,-0.01,0.05,0.05,-0.01,0.06,-0.08,-0.14,0.06,-0.17,-0.23,0.05,0.52,0.14,0.3,0.15,-0.06,-0.03,0.02
11-Mar,-0.02,0.03,-0.21,0.06,0.04,0.04,-0.27,0.11,0.1,0,-0.23,0.05,0.59,-0.04,,-0.04,-0.22,0.22,-0.43,0.29,0.01,-0.22,-0.02,-0.02,0.3,-0.03,0.2,NA,0.01,0.04,0.13,-0.01,-0.02,-0.03,-0.04,0.07,0.2,0.05,0.06,0.29,-0.02,1.06,-0.01,0.12,-0.08,0.01,-0.08,0.36,0.29,-0.01,0.08,-0.08,-0.02,0.01,0.06
11-Apr,0.02,0.05,0.19,0.1,0,-0.14,0.1,0.02,0.09,-0.27,-0.04,0.04,0.35,0.09,,-0.11,-0.14,-0.1,-0.18,-0.13,-0.18,0.5,-0.1,0.2,0.1,-0.08,0.09,NA,-0.08,-0.01,-0.05,0,0.05,-0.03,-0.05,0.17,0.07,-0.09,0.07,0.22,0.19,0.38,-0.06,-0.06,-0.04,-0.06,0.6,0,-0.02,0.05,0.01,-0.2,-0.07,-0.05,0.26
11-May,-0.16,-0.17,0.17,-0.19,0.31,-0.03,-0.08,-0.07,-0.04,1.25,-0.25,0.01,0.01,0.01,,-0.16,-0.37,-0.09,0.5,-0.08,-0.16,0.38,-0.09,0.1,0.4,-0.18,0.05,NA,-0.07,-0.08,0.2,-0.07,-0.13,-0.08,-0.08,0.05,0.04,0.08,-0.2,-0.14,0.2,0.04,-0.11,-0.14,-0.1,-0.32,0.56,0.11,0.04,-0.11,-0.52,0.15,-0.13,-0.07,0.1
11-Jun,-0.03,0,0.22,-0.12,0.26,0.05,-0.08,0.04,0.06,0.43,0.01,-0.13,0.2,-0.16,,-0.12,-0.37,-0.01,0,0.08,-0.29,-0.1,-0.13,-0.11,-0.15,-0.13,-0.03,NA,-0.02,-0.04,-0.23,-0.09,-0.03,0.15,-0.11,0.12,0.09,0.05,0.05,0.11,0.2,-0.16,-0.06,0.02,-0.08,-0.12,-0.02,0.12,0.2,-0.01,0.06,0.32,-0.09,-0.04,0.03
11-Jul,0.08,0.02,0.47,0.13,0.22,0.05,1,0.34,0.08,0.11,0.3,-0.01,0.19,-0.05,,-0.05,-0.1,0,1,0.47,-0.37,0.33,0.02,-0.12,0.07,-0.06,0.12,NA,0,0.17,0,0.03,0.04,0.03,-0.01,0.24,0.1,0.03,-0.11,-0.14,0.13,-0.04,0.16,0.14,-0.02,0.27,0.77,0.27,-0.08,0.08,0.13,0.73,-0.02,0.01,0.02
11-Aug,0.1,0.2,0.59,0.19,0.82,0.18,-0.15,0.22,0.21,0.24,0.11,0.21,0.72,0.86,,0.02,0.04,0.27,0.25,0.65,-0.14,0.25,-0.08,0.05,0.4,0.09,0.26,NA,0.11,0.16,0.43,0.19,0.06,0.03,0.1,0.43,0.04,0.41,0.1,0.06,0.41,0.03,0.08,0.17,0.11,0.15,0.56,0.35,0.52,0.07,0.14,-0.03,0.08,0.14,0.13
11-Sep,0.06,0.11,0.21,0.4,0.34,0.07,4,0.21,0.19,-0.07,0.14,0.06,0.07,0.1,,-0.2,-0.1,0.13,1,-0.03,-0.25,0.5,-0.06,0.02,0.14,0.04,0.24,NA,0.05,0.15,-0.12,0.11,0.06,0.21,0.09,0.2,0.24,0.33,0.02,0,0.17,0.4,0.21,0,0.04,0.13,1.44,0.35,1.33,0.1,0.07,0.01,0.05,0.07,0.09
11-Oct,0.09,0.08,0.08,0.09,0.21,0.03,1.17,-0.02,0.23,0.83,0.07,-0.07,-0.02,0.21,,0.01,-0.31,0.01,0,0.06,-0.12,-0.25,-0.19,0.29,0.14,-0.04,0.31,NA,-0.01,0.2,0.31,0.04,0.02,0,0.13,0.14,-0.15,0.18,-0.05,0.31,0.1,-0.13,0.19,0.31,0.03,0.19,0.23,0.24,0.21,0.15,0.11,0.37,0.01,0.01,0.04
11-Nov,0.04,0.16,-0.17,0.55,0.86,0.01,0.43,0.09,0.11,1.17,0.36,0.1,0.12,0,,0.04,-0.41,0.1,0.44,-0.15,-0.2,1.13,0.14,0,0.23,-0.02,0.08,NA,0.04,0.16,0.07,0.06,0.14,0.27,0.04,0.27,0,-0.04,-0.1,0.06,0.16,0.18,0.05,0.25,-0.08,0.43,0.14,0.28,0.21,-0.11,0.45,0.24,0.03,0.05,0.05
11-Dec,0.03,0,0.47,0.31,0.25,0.07,1.71,0.47,0.14,-0.16,0.25,-0.11,0.69,0.24,,-0.05,-0.39,-0.09,-0.09,0.06,-0.22,0,-0.06,0.19,0.09,-0.06,0.01,NA,-0.04,0.09,-0.05,0.04,0.06,0,-0.1,0.32,-0.1,0.13,-0.14,0.23,0.06,0,0.19,0.11,-0.14,-0.07,0.24,0.11,0.19,0.05,0.09,0.04,-0.03,-0.01,0
12-Jan,-0.05,0.09,-0.1,0.27,0.13,-0.01,0.78,0.07,-0.07,0.09,-0.01,-0.06,0.15,-0.07,,-0.06,-0.41,0.36,0.5,-0.12,-0.09,1,-0.08,0.02,0.11,-0.05,0.03,NA,0.03,0,0.09,0.03,0.15,-0.19,-0.03,-0.15,-0.04,0.5,-0.08,0.11,0.33,0.29,0.2,0.26,-0.16,-0.08,0.55,0.17,0.29,0.05,0.06,0.17,-0.02,0.03,0.04
12-Feb,0.07,0.15,0.79,0.65,0.71,0.06,0.29,0.41,0.05,-0.27,0.83,0.07,0.37,0.16,,0.13,-0.25,0.13,-0.27,-0.09,-0.08,-0.13,-0.15,0.2,0.13,0.13,0.26,NA,0.04,0.12,0.19,0.02,0.21,0.47,-0.03,0.17,0.12,0.32,0.05,0.28,0.61,0.5,0.3,0.32,-0.09,-0.06,0.58,0.15,0.63,-0.09,0.03,0.18,0.07,0.03,0.15
12-Mar,0.03,0.06,0.52,0.21,0.23,0.06,0.5,0.14,-0.07,0.07,0.19,-0.08,0.14,0.13,,0.01,-0.24,0.02,1.13,-0.04,-0.22,1.29,-0.11,0.11,0.36,0.12,-0.03,NA,0.04,-0.05,0.04,-0.03,0.09,0.04,-0.06,0.07,0.17,0.1,-0.05,0.01,0.1,-0.49,0.01,0.05,-0.13,0.1,0.29,-0.09,0.2,0.1,-0.15,0.25,0.03,0.02,0.04
12-Apr,0.04,0.07,0.48,0.14,-0.09,0.14,0.91,0.05,-0.14,0.36,0.1,-0.08,0.12,-0.1,,-0.01,-0.44,0.53,0.33,0.33,-0.1,0,-0.03,0.05,0.16,0.19,0.02,NA,0,0.02,0.09,-0.1,0.1,0.12,-0.16,0.05,0.16,0.2,-0.03,0.09,0.01,-0.19,0.03,0.25,-0.04,0.22,-0.21,0.08,-0.12,0.05,-0.14,0,0.01,-0.04,0.1
12-May,0.11,0.29,0.12,0.38,0,0.12,0.83,0.35,0.03,-0.3,0.5,-0.1,0.08,0.44,,0.18,0.09,0.27,-0.5,0.45,0.04,0.18,0.05,0.2,0.14,0.23,0.1,NA,0.15,0.1,-0.02,0.12,0.26,0.06,-0.02,0.43,0.14,0.28,0.24,0.51,-0.01,0.39,0.12,0.4,-0.02,0.79,0.14,-0.1,0.28,0.38,0.91,-0.19,0.18,0.14,0.2
12-Jun,0.05,0.05,0.54,0.14,-0.16,0.01,0.64,0.18,-0.16,0.15,0.11,-0.03,0.13,0.15,,0.05,0.04,0.04,0,0.13,0.11,0,-0.14,0.2,0.11,0.15,0.01,NA,0.01,-0.04,0.09,0,0.15,0.01,-0.13,0.1,0.04,0.09,-0.06,-0.04,0,-0.11,-0.11,0.15,-0.09,0.2,-0.11,0.09,0.23,0.24,0.03,-0.19,0.06,0.01,0.01
12-Jul,0.06,0.2,-0.02,0.24,0.15,0.02,-0.2,0.1,-0.05,-0.33,0.27,-0.09,0.27,0.36,,0.09,-0.12,0.34,0.1,0.32,-0.05,0.88,-0.13,0.2,0.33,0.32,0.08,NA,0.04,0.01,-0.12,-0.09,0.18,0.06,-0.1,0.09,0.09,0.16,0.13,0.25,0.11,0.44,-0.08,0.23,-0.08,-0.03,-0.24,-0.09,0.59,0.08,-0.05,-0.3,0.09,-0.01,0.11
12-Aug,0.04,0.15,0.37,0.13,-0.21,0.04,0.27,0.34,-0.1,-0.33,0.03,-0.18,0.12,-0.33,,0.14,-0.04,0.38,-0.4,-0.06,0,-0.1,-0.13,0.13,0.06,0.23,-0.04,NA,-0.06,-0.02,0.09,-0.05,0.27,0.15,-0.01,0.01,0.01,0.06,0.03,0.22,0,0.37,0.08,0.11,-0.17,0.01,0.21,-0.02,0.03,0.24,0.05,0.21,0.08,-0.06,0.08
12-Sep,0.01,0,0.43,-0.2,0,-0.09,-0.13,0.04,-0.24,0.23,0.06,-0.21,-0.11,-0.2,,-0.08,-0.35,0.06,-0.17,0.38,-0.22,-0.33,-0.13,0.05,0.05,0.02,-0.15,NA,-0.08,-0.13,0.11,-0.19,0.07,-0.15,-0.25,-0.01,-0.17,-0.11,0.04,0.35,-0.07,0.07,-0.15,0.06,-0.28,-0.06,-0.43,-0.21,-0.23,0.07,0.06,-0.13,-0.07,-0.13,-0.04
12-Oct,0.06,0.3,0.22,0.13,0.14,0.07,0.15,0.39,0.06,-0.18,0.22,0.09,0.67,0.13,,0.17,-0.3,0.46,0.17,0.49,-0.08,0.89,0.06,0.38,0.33,0.36,-0.03,NA,0.05,0.04,0.2,0.02,0.36,0.27,0,0.3,0.41,0.1,0.26,0.24,0.21,0.26,-0.1,0.17,-0.11,-0.15,0.32,-0.13,0.11,0.07,0.21,-0.09,0.14,0.04,0.2
12-Nov,0.04,0.06,0.35,-0.04,-0.24,0.1,0.9,0.17,-0.09,-0.54,0.11,-0.18,0.31,0.11,,0.11,-0.05,0.11,-0.23,0.15,-0.29,-0.47,-0.13,0.26,0.27,0.3,0.1,NA,-0.03,-0.05,-0.08,-0.08,0.16,0.17,-0.2,0.18,0.15,0.18,0.16,0.29,0.13,0.48,-0.1,0.01,-0.09,-0.06,-0.07,-0.25,0.19,0.42,0.02,-0.18,0.09,-0.05,0.09
12-Dec,0.04,-0.01,-0.14,-0.02,-0.08,-0.08,-0.26,-0.19,-0.22,-0.25,-0.05,-0.12,-0.02,0.07,,0.05,-0.16,0.3,0.4,-0.02,-0.13,0.21,-0.16,-0.17,0.28,0.24,0.05,NA,-0.09,-0.14,0.07,-0.15,0.09,-0.1,-0.1,0.11,0.03,0.06,0.09,-0.03,-0.01,-0.08,-0.35,-0.08,-0.2,-0.12,-0.28,-0.16,-0.22,0.13,-0.18,-0.2,0.02,-0.11,-0.05
13-Jan,-0.04,-0.16,0.17,0.05,0.14,-0.08,-0.38,0.01,0.01,-0.17,0.21,-0.1,-0.06,0,,0.09,0.04,-0.19,0,-0.22,0.01,0.67,-0.03,-0.14,-0.01,0.22,0,#DIV/0!,-0.04,-0.09,-0.1,0,0.16,0.24,-0.18,0.09,0.02,-0.07,-0.11,0.03,-0.06,0.11,-0.21,-0.16,-0.07,0.16,-0.56,-0.26,0.16,0.06,-0.07,-0.21,0.06,-0.03,-0.11
13-Feb,-0.05,-0.08,-0.3,-0.11,-0.17,-0.11,-0.22,-0.08,-0.04,1.75,-0.05,-0.07,-0.19,-0.45,,-0.05,-0.36,0.11,-0.18,0.35,-0.03,0.43,-0.07,-0.14,-0.01,0.01,-0.14,#DIV/0!,-0.12,-0.13,-0.14,-0.13,0,-0.29,-0.13,-0.06,-0.05,-0.04,-0.16,0.02,0.04,-0.26,-0.21,-0.17,-0.24,0.35,0.03,-0.25,-0.31,0.02,-0.27,-0.19,-0.07,-0.12,-0.13
13-Mar,-0.05,-0.13,0.11,0.11,0.23,-0.11,0.25,0.04,-0.09,-0.13,0.17,-0.11,0,-0.1,,-0.06,-0.21,0.06,-0.18,-0.09,-0.16,0.19,-0.02,-0.17,-0.37,0.04,-0.06,#DIV/0!,-0.18,-0.17,-0.02,-0.14,0.09,-0.07,-0.23,0.06,-0.17,-0.12,-0.12,-0.04,0.15,1.06,-0.25,-0.05,-0.16,-0.31,-0.16,-0.2,0.02,0.04,-0.04,-0.27,-0.08,-0.17,-0.12
13-Apr,-0.04,-0.1,0.09,0.11,0.51,-0.1,0.14,0.18,-0.09,-0.27,0.34,-0.1,-0.23,-0.06,,0.06,-0.05,0.05,-0.75,-0.35,-0.14,0,0,0.02,0.12,0.1,0.14,#DIV/0!,-0.05,-0.04,-0.18,-0.04,0.09,0,0.02,0.08,0,0.13,-0.02,-0.08,0.12,0,-0.12,0.04,-0.17,-0.16,0.16,-0.13,0.48,0.01,0.21,-0.03,0.02,-0.05,-0.05
13-May,-0.03,-0.12,0.61,0.34,0.18,-0.15,0.14,0.1,-0.09,-0.26,0.22,-0.06,0.12,-0.22,,-0.02,-0.11,0.27,1.83,0.21,-0.15,-0.15,-0.18,-0.06,-0.15,0.08,0.06,#DIV/0!,-0.15,-0.09,-0.16,-0.1,0.1,0.07,-0.11,-0.06,0.04,-0.08,-0.11,0.05,0.3,0.13,-0.21,0,-0.23,-0.19,-0.38,-0.08,0.28,-0.02,-0.11,0.03,-0.05,-0.13,-0.08
13-Jun,-0.04,-0.12,-0.23,0.08,-0.08,-0.13,0.17,-0.07,-0.06,-0.26,-0.04,-0.12,-0.15,-0.19,,-0.08,-0.11,0.16,0,0.05,-0.22,0.56,-0.1,-0.19,0.1,0,0.14,#DIV/0!,-0.17,-0.14,-0.02,-0.12,-0.01,0.02,-0.21,0,-0.08,-0.14,-0.06,0.17,-0.02,0.16,-0.19,-0.11,-0.22,-0.11,0,-0.26,-0.05,-0.07,-0.06,-0.16,-0.09,-0.15,-0.09
13-Jul,0.02,-0.03,-0.11,0.33,0.21,0,1.38,0.08,0.03,0.29,0.24,0.07,-0.24,-0.22,,0.02,0.03,0.1,-0.27,0,0.14,-0.13,0.06,0.27,0.16,0.05,0.15,#DIV/0!,-0.08,-0.01,0.11,0.07,0.09,0.29,-0.06,0.11,0.05,0,0.04,0.32,0.02,0.08,-0.14,-0.02,-0.08,-0.22,0.11,-0.08,0,0.11,0.06,0.11,0.01,-0.02,0.02
13-Aug,-0.02,-0.05,-0.16,-0.03,0.33,-0.12,0.07,-0.06,-0.06,0.29,0.23,-0.05,-0.1,0.24,,-0.06,0.09,-0.05,0.56,0.42,-0.16,1.44,-0.03,-0.11,0.19,-0.05,-0.09,#DIV/0!,-0.04,-0.09,0.06,0.02,-0.04,-0.02,-0.2,0,0.02,0.01,0.01,-0.02,0.17,-0.04,-0.18,-0.02,-0.07,-0.11,-0.28,-0.31,-0.03,-0.05,-0.04,-0.05,-0.04,-0.02,-0.06
13-Sep,-0.02,-0.06,-0.1,-0.06,0.04,0,0.62,-0.12,0,0.31,0.34,-0.03,0.26,0,,0.01,-0.14,0.11,0.1,-0.28,-0.03,1.2,-0.02,-0.02,-0.03,-0.02,0.02,#DIV/0!,-0.06,-0.04,-0.22,0.05,-0.06,0.06,0.01,-0.04,0.05,0.08,0.04,-0.14,-0.06,0.47,-0.12,-0.02,-0.02,-0.03,-0.23,-0.12,0.05,-0.06,-0.18,0.08,-0.01,-0.02,-0.01
13-Oct,-0.11,-0.09,-0.34,-0.05,-0.15,-0.06,0.6,-0.1,-0.16,-0.28,-0.12,-0.12,-0.31,-0.09,,-0.05,0.26,0.05,-0.29,-0.09,0.03,-0.47,-0.19,-0.26,-0.04,-0.18,-0.02,#DIV/0!,-0.12,-0.2,-0.16,-0.05,-0.08,0,-0.17,-0.18,0.01,-0.03,-0.05,-0.08,-0.15,-0.09,0.06,-0.09,-0.08,-0.18,-0.57,-0.1,-0.29,0.11,0.01,-0.09,-0.08,-0.09,-0.05
13-Nov,-0.12,-0.11,-0.24,-0.06,-0.18,-0.15,0.05,-0.17,-0.19,0.83,-0.13,-0.02,-0.25,-0.01,,-0.15,-0.19,0.03,-0.7,-0.13,0.12,0.33,-0.26,-0.21,0.1,-0.18,-0.21,#DIV/0!,-0.2,-0.25,-0.18,-0.1,-0.14,-0.12,-0.11,-0.01,-0.14,-0.14,-0.15,-0.2,-0.04,-0.35,-0.21,-0.14,-0.23,-0.39,-0.47,-0.09,-0.25,-0.23,-0.25,-0.23,-0.16,-0.16,-0.14
13-Dec,-0.18,-0.08,-0.21,0.5,0.09,-0.17,0.07,-0.01,-0.05,-0.08,0.14,-0.16,-0.33,-0.05,,-0.15,-0.02,-0.21,-0.29,-0.18,-0.04,-0.59,-0.14,0.12,-0.28,-0.13,-0.16,#DIV/0!,-0.12,-0.15,-0.35,-0.08,-0.21,0.02,-0.22,-0.23,-0.11,-0.24,-0.16,-0.12,-0.1,-0.06,-0.03,-0.09,-0.09,-0.28,-0.3,-0.3,-0.04,-0.12,-0.02,-0.37,-0.13,-0.11,-0.11
14-Jan,-0.14,-0.07,-0.43,0.33,-0.1,-0.15,0.5,-0.05,-0.26,0.2,-0.2,-0.09,-0.03,-0.51,,-0.13,-0.19,0.11,-0.42,0.38,-0.08,0.3,-0.31,-0.1,-0.19,-0.19,-0.15,#DIV/0!,-0.11,-0.18,-0.13,-0.22,-0.22,-0.17,-0.1,0.12,0.01,-0.15,-0.09,0.14,-0.11,-0.03,0.01,-0.03,-0.18,-0.25,0.67,-0.29,-0.04,-0.09,-0.24,-0.24,-0.15,-0.16,-0.07
14-Feb,-0.14,-0.18,0.06,0.05,-0.08,-0.17,-0.5,-0.25,-0.23,-0.64,-0.26,-0.14,-0.1,0.25,,-0.14,0.16,-0.13,0.33,-0.24,-0.32,0.4,-0.28,-0.14,-0.14,-0.12,-0.14,#DIV/0!,-0.09,-0.2,-0.09,-0.12,-0.13,0.22,-0.28,-0.07,-0.17,-0.28,-0.09,-0.13,-0.33,-0.1,-0.23,-0.09,-0.15,-0.33,-0.62,-0.17,0,-0.13,0,-0.47,-0.12,-0.1,-0.14
14-Mar,-0.13,-0.08,-0.42,0.06,-0.32,-0.17,-0.2,-0.12,-0.19,-0.38,-0.16,-0.09,-0.05,-0.33,,-0.17,-0.18,-0.04,-0.21,0.08,-0.17,-0.42,-0.41,-0.28,0.3,-0.18,-0.08,#DIV/0!,-0.08,-0.13,-0.19,-0.16,-0.15,-0.15,-0.24,-0.21,-0.13,-0.21,-0.12,-0.29,-0.25,-0.14,-0.21,-0.12,-0.18,-0.41,-0.3,-0.15,-0.12,-0.25,-0.15,-0.08,-0.15,-0.11,-0.13
14-Apr,-0.08,-0.02,-0.08,0.25,-0.12,-0.04,-0.58,-0.09,-0.03,0.18,-0.01,0.01,0.05,-0.1,,-0.06,-0.03,0.02,4,0.29,-0.07,-0.2,-0.16,-0.03,-0.32,-0.14,-0.12,#DIV/0!,-0.06,-0.06,-0.06,0.01,-0.07,-0.07,-0.21,-0.08,0.01,-0.12,-0.01,0.08,-0.03,0.17,-0.12,-0.22,0.06,-0.23,-0.55,-0.08,-0.09,-0.1,-0.1,0.08,-0.07,-0.04,-0.05
14-May,-0.1,-0.05,-0.38,0.08,-0.02,0.03,-0.56,-0.14,-0.07,-0.21,-0.02,0.02,-0.14,-0.33,,-0.12,-0.11,-0.07,-0.12,-0.05,-0.01,0.18,0.05,-0.16,0.08,-0.14,-0.08,#DIV/0!,-0.09,-0.13,-0.11,-0.11,-0.19,-0.09,-0.13,-0.12,-0.15,-0.17,-0.06,-0.24,-0.3,-0.02,-0.02,-0.1,0.02,-0.21,0.37,-0.04,-0.29,-0.16,0.03,0.13,-0.12,-0.09,-0.05
14-Jun,-0.05,-0.02,-0.13,0.27,0.35,-0.03,-0.52,-0.02,-0.07,0.12,0.04,-0.04,-0.02,0.2,,-0.06,-0.17,0.02,-0.62,0.02,0.11,-0.43,-0.04,0.15,-0.03,-0.09,-0.11,#DIV/0!,0,-0.01,-0.1,-0.07,-0.1,-0.3,0.05,-0.14,-0.03,0.1,-0.02,-0.04,-0.08,0.16,0.08,0,0,-0.17,-0.23,0.05,-0.17,-0.05,-0.15,-0.15,-0.05,-0.03,-0.02
14-Jul,-0.1,0,-0.05,-0.15,0.03,0.03,0,-0.12,-0.13,-0.11,-0.03,0.01,0.01,0.04,,-0.07,-0.23,-0.14,1.25,-0.21,0.2,-0.08,-0.08,-0.22,-0.13,-0.16,-0.05,-0.52,-0.04,-0.05,-0.06,-0.03,-0.19,-0.18,-0.12,-0.15,-0.02,-0.22,-0.02,-0.06,0.01,-0.1,0.18,0.01,-0.06,0.28,0.03,0.03,-0.01,-0.08,-0.11,0.01,-0.08,-0.03,-0.01
14-Aug,-0.09,-0.02,-0.21,0.3,-0.18,-0.02,0.67,-0.05,-0.14,-0.11,-0.13,0.12,-0.16,-0.13,,-0.13,-0.43,-0.07,-0.29,-0.41,-0.03,-0.41,-0.04,-0.31,-0.09,-0.07,0.03,0,-0.13,-0.11,-0.18,-0.19,-0.19,-0.12,-0.15,-0.07,-0.04,-0.23,-0.13,-0.07,-0.23,0.07,-0.03,-0.13,-0.15,-0.18,-0.18,0.06,0.1,-0.06,-0.16,-0.12,-0.12,-0.15,-0.07
14-Sep,-0.04,0.08,-0.16,0.64,0.16,-0.01,-0.05,0.02,-0.02,-0.1,-0.27,0.02,0.01,-0.17,,-0.02,-0.06,-0.09,-0.09,0.24,0.21,-0.14,-0.05,-0.1,-0.1,-0.04,0.1,0,-0.03,0,-0.03,0.05,0,0.03,-0.12,0.04,0.14,-0.06,-0.04,0.15,0.18,-0.27,0.07,0.1,-0.05,-0.17,0.37,0.04,-0.22,-0.11,0.08,-0.03,-0.02,0,0.02
14-Oct,-0.01,-0.01,0.24,0.59,0.21,0.07,-0.13,0.08,-0.01,0.31,0.31,0.01,0.06,-0.14,,-0.05,-0.14,-0.01,-0.3,-0.04,-0.08,1.11,0.24,-0.02,0.15,-0.01,0.12,0.27,0.01,0,-0.02,0.06,-0.07,0.09,-0.08,0.11,-0.06,0,-0.02,-0.01,0.18,0,-0.09,-0.1,-0.09,0.13,1.29,0.04,0.22,-0.03,-0.21,0.15,-0.02,0.03,-0.01
14-Nov,-0.04,-0.12,-0.17,0.33,0.24,-0.09,-0.25,-0.13,-0.04,-0.68,0.24,-0.12,-0.11,-0.18,,-0.09,0.14,-0.1,2.33,-0.08,-0.16,-0.67,-0.02,-0.12,-0.17,-0.06,-0.03,0.19,-0.07,-0.03,-0.19,-0.01,-0.13,-0.17,-0.23,-0.2,-0.03,-0.12,-0.09,-0.09,-0.19,0.16,0,0.02,-0.13,0.13,0.45,-0.16,0.08,-0.05,0.18,0.17,-0.07,-0.05,-0.08
14-Dec,0.01,-0.06,0.15,-0.12,0.1,0.05,0,-0.02,0.06,0.36,0.03,0.15,0.33,-0.24,,-0.01,0.09,-0.09,0.5,0.24,-0.08,0.43,-0.05,-0.21,0.26,-0.03,0.23,0.12,0.02,0.01,0.26,0.05,0.07,-0.1,-0.08,0.05,-0.09,-0.1,-0.08,0.04,0.21,0.24,0.11,0.12,-0.08,0.16,0.43,0.22,0.4,0,-0.02,0.38,0,0.03,-0.02
15-Jan,-0.01,-0.13,-0.04,0.01,0.06,-0.02,0.2,-0.12,0.03,0.75,-0.09,-0.04,-0.29,0.41,,-0.12,-0.16,-0.23,0.29,-0.28,-0.27,-0.08,0.18,-0.06,0.11,-0.04,0.02,-0.29,-0.11,-0.06,-0.13,0.08,0,-0.29,-0.22,-0.02,-0.32,-0.12,-0.04,-0.22,-0.09,-0.14,-0.16,-0.2,-0.04,0,0.24,0.1,-0.08,0,-0.05,0.07,-0.07,-0.04,-0.13
15-Feb,0.06,-0.07,-0.19,0.34,0.02,0,0.71,0.16,0.06,0.75,0.56,-0.06,-0.19,-0.18,,-0.03,-0.43,-0.09,-0.33,0.06,0.11,-0.21,0.06,0.06,0.06,0.06,0.09,0.82,-0.08,0.11,0.1,-0.01,0.06,-0.22,-0.02,0.06,-0.03,0.12,0.01,0.01,-0.04,0.17,0.18,-0.1,-0.03,0.07,0.27,0.16,0,0.06,0.18,0.56,-0.02,-0.05,-0.02
15-Mar,0.1,0.02,0.07,0.17,0.31,0.14,0.5,0,0.2,0.75,0.37,0.06,-0.2,0.02,,0.11,0.1,-0.01,-0.64,0.17,0.04,-0.55,0.38,0.44,0.03,0.14,0.24,-0.25,0.05,0.11,0.19,0.17,0.06,0.03,0.19,0.2,0.05,0.39,0.12,0.23,0.26,0.16,0.27,-0.07,0.11,0.65,0.58,0.07,0.14,0.24,0.05,0.12,0.11,0.09,0.09
15-Apr,0.08,0.08,-0.02,0,0.15,0.07,1.9,0.11,0.06,0.54,-0.16,-0.02,0.32,0.12,,0.03,0.07,-0.06,0.27,0.2,0.01,-0.08,0,-0.13,0.7,0.2,0.27,-0.15,0.1,0.1,0.08,0.11,0.09,0.02,0,0.06,-0.04,-0.07,0.11,0.16,0.23,-0.12,0.36,0.23,-0.08,0.27,0.95,0.1,0.03,0.2,0.11,-0.08,0.09,0.1,0.09
15-May,0.09,0.04,0,0.08,0.17,0.09,0.73,0.07,0.12,0.82,0.02,0.05,-0.03,0.25,,0.02,0,-0.1,0.47,-0.07,-0.04,-0.54,-0.09,0.06,0.08,0.05,0.1,0.63,0.08,0.05,0.02,0.13,0.07,-0.13,0.1,-0.06,-0.09,0.24,0.02,0.12,0.27,-0.16,0.16,-0.03,0.18,-0.01,0.05,-0.04,-0.03,0.16,0.03,-0.03,0.06,0.09,0.02
15-Jun,0.1,0.19,0.25,0.28,0.27,0.22,1.2,0.02,0.25,-0.21,0.04,0.16,0.37,0.23,,0.16,-0.02,-0.19,2,0.28,0.09,0.13,0.18,0.02,0.23,0.16,0.33,0.73,0.15,0.21,0.18,0.24,0.23,0.09,0.14,0.25,-0.06,0.03,0.12,0.23,0.2,-0.19,0.42,0.04,0.17,0.14,0.23,0.08,0.19,0.21,0.05,0.47,0.17,0.18,0.13
15-Jul,0.1,-0.01,0.41,0.32,0.4,0.09,0,0.28,0.2,0.25,0.16,0.12,0.39,0.05,,0.17,0.43,0.02,-0.06,0.15,-0.1,0,0.25,0.35,0.21,0.21,0.12,1.14,0.14,0.11,0.26,0.16,0.25,0,0.14,0.21,-0.07,0.35,0.05,0.17,0.19,0.21,0.14,0.06,0.28,0.14,0,0.05,0.08,0.23,0.16,0.26,0.17,0.15,0.05
15-Aug,0.09,-0.1,0.21,0.19,0.41,0.06,-0.16,-0.01,0.13,0.06,0.17,-0.04,0.14,0.06,,0.04,0.23,-0.04,0.8,0.53,0.22,0.54,-0.03,0.25,0.21,0.01,0.12,-0.44,0.07,0.15,-0.15,0.19,0.11,-0.11,0.13,0.14,-0.08,0.04,0.09,-0.04,0.2,-0.33,0.24,0.06,0.12,0.32,0.07,0.07,-0.13,0.09,0.28,0.43,0.07,0.12,0.02
15-Sep,0.06,-0.05,0.05,0.06,0.1,0.13,-0.2,0.17,0.11,-0.26,0.14,0.22,0.13,0.16,,0.1,0.2,-0.04,0.2,0.02,0.03,-0.42,0.06,0.25,0.33,0.14,0.09,0.23,0.09,0.14,0.11,0.09,0.05,-0.19,0.17,0.19,-0.04,0.05,0.04,0.08,0.03,0.53,0.31,-0.1,0.23,0.05,0.03,0.08,0.26,0.35,0.18,0.19,0.12,0.09,0.03
15-Oct,0.03,-0.12,-0.15,0.04,0.37,0.02,0.29,-0.1,0.04,0.06,0.17,0.02,0.14,0.13,,-0.01,0.16,-0.11,0.43,0.04,-0.07,0,-0.02,-0.31,0.04,0.02,0.03,-0.28,0.05,0.08,0.09,-0.01,-0.01,-0.15,0.06,0.03,-0.2,0.01,-0.09,-0.07,-0.01,0.77,0.1,0.08,0.12,0.1,-0.21,-0.03,-0.14,0.12,0.25,-0.14,0.01,0.02,-0.06
15-Nov,0,-0.06,-0.03,0.15,0.4,-0.02,-0.13,-0.03,0.03,1.57,-0.08,-0.02,0.14,0.52,,-0.05,0.22,-0.09,0,0.16,-0.1,1.25,0.12,0.21,-0.02,-0.05,0.12,-0.03,-0.01,0.11,0.07,-0.01,0.01,-0.11,-0.03,0.04,-0.07,-0.01,-0.01,0.01,0,0,0.11,0.04,0.03,0.15,0.07,-0.07,0.11,-0.05,-0.06,-0.05,-0.04,-0.01,-0.02
15-Dec,0.13,0.08,0.03,0.19,0.22,0.09,0.4,0.05,0.13,-0.07,0.15,0.06,0.31,0.71,,0.1,-0.21,0.24,-0.33,0.13,0.08,0,0.05,0.27,0.05,0.06,0.03,-0.29,0.02,0.2,-0.14,0.14,0.09,0.03,0.21,0.18,0.13,0.19,0.23,0.1,0.07,-0.24,0.24,0.03,0.28,-0.08,0.48,0.18,0.03,0.1,0.29,0.26,0.08,0.07,0.13
16-Jan,0.12,0.02,0.3,0.07,-0.09,-0.02,0.06,0.14,0.2,-0.14,0.11,0.09,0,0.06,,0.05,0.24,-0.01,0.67,0.07,0.3,-0.08,-0.04,0.15,-0.24,0.15,0.12,0.9,0.08,0.05,0.37,0.06,0.03,0.06,0.32,-0.03,0.25,0.2,0.1,0.01,0.03,0.24,0.05,0.16,0.01,-0.02,-0.39,0.06,0.24,0.04,0.34,0.43,0.07,0.07,0.06
16-Feb,0,-0.07,0.03,0.06,0.57,-0.09,1.17,-0.02,0.15,0.29,0.05,0.18,0.52,0.24,,0,0.59,-0.1,0.5,0.06,-0.13,-0.45,0.19,-0.19,0.2,0.01,-0.04,-0.4,0.07,-0.02,-0.12,0.05,-0.05,-0.19,0.09,-0.12,-0.06,-0.02,-0.11,-0.15,0.33,0.86,0.16,0.04,0.12,-0.12,0.16,0.08,-0.15,-0.05,0,0.16,0.02,0.07,-0.06
16-Mar,-0.03,-0.08,0.72,0.14,0.35,-0.08,0.28,0.15,0.07,-0.14,0.02,0.06,0.51,0.62,,0,-0.02,-0.23,1,0.04,0.31,1.6,-0.13,-0.1,0.02,-0.04,-0.11,0.4,0.02,0.03,0.14,0.12,0.01,-0.17,0.07,-0.02,-0.13,-0.03,-0.12,-0.06,0.19,-0.19,0.13,0.08,0.1,0.02,-0.02,0.07,0.02,0.08,0.28,0.25,0.02,0.05,-0.07
16-Apr,-0.03,-0.13,0.07,-0.04,0.17,-0.12,-0.55,-0.05,0.11,-0.1,0.23,0.03,-0.07,-0.09,,-0.03,0.25,-0.04,-0.37,-0.21,-0.06,0,0.05,0.04,-0.28,-0.1,-0.05,-0.47,-0.03,-0.03,-0.06,0,-0.04,-0.06,0.02,0.08,-0.21,0.09,-0.13,-0.08,0.03,0.33,-0.14,-0.17,0,0.28,-0.21,-0.05,-0.09,-0.08,-0.11,0.1,-0.04,-0.02,-0.13
16-May,-0.01,-0.08,-0.04,0.12,0.08,-0.1,0.16,0.03,0.07,-0.45,-0.04,-0.07,0.36,-0.08,,-0.02,0.31,-0.03,-0.23,0.18,0.08,1.17,-0.02,-0.13,-0.07,0.04,0,-0.26,0.06,0.05,-0.04,0.02,0.04,-0.05,-0.02,0.11,0.01,-0.05,-0.01,-0.11,0.08,0.14,-0.03,-0.05,-0.12,0.08,-0.05,0.19,0.1,-0.16,0.03,0.13,0.01,0.04,-0.05
16-Jun,0,-0.12,0.02,-0.04,0.12,-0.11,0.18,0.19,0.1,0.73,0.14,-0.02,-0.2,-0.25,,0.01,0.53,0.11,0.27,0.2,0.13,0.11,0.08,0.1,0.16,-0.01,0,-0.08,0.04,0.01,0.25,-0.01,-0.04,0.11,-0.02,0.09,0.02,0.02,-0.04,-0.27,0.21,0.11,-0.14,-0.11,0.01,0.3,0.13,0.09,-0.04,-0.13,0.2,0.06,0,0.03,-0.07
16-Jul,-0.05,-0.16,-0.25,0.09,-0.22,-0.19,-0.16,-0.13,0.01,-0.15,-0.05,-0.14,-0.28,-0.07,,-0.13,-0.18,-0.12,0.71,0.26,0.03,0.33,-0.18,-0.09,0.22,-0.14,-0.1,-0.26,-0.04,-0.08,-0.03,-0.09,-0.09,-0.14,-0.06,-0.01,-0.14,-0.22,-0.19,-0.35,-0.04,-0.22,-0.11,-0.15,-0.16,0.11,-0.23,0.1,0.02,-0.27,-0.07,-0.13,-0.12,-0.06,-0.16
16-Aug,-0.02,0.02,-0.1,0.05,0.08,-0.03,-0.14,0.17,0.23,-0.18,0.17,-0.05,0.15,0.27,,0.08,0.57,-0.19,0.11,0.05,0.06,0.2,0.08,0.1,0.09,0.09,0.01,0.45,0.12,0.08,0.43,0.01,0.08,0,0.01,-0.06,0.05,0.18,-0.09,0.12,0.1,0.58,0.04,-0.02,0.03,0,0.7,0.16,0.23,-0.06,0.16,-0.02,0.07,0.08,-0.02
16-Sep,0.02,0.1,0.15,0.04,0.06,-0.02,-0.38,0,0.16,0.5,0.18,-0.07,-0.04,-0.06,,0.05,0.35,-0.16,-0.42,0.23,0.04,1,0.04,0.01,0.06,-0.01,0.01,-0.21,0.11,0.03,0.12,0.04,0.06,0.05,-0.06,0.06,-0.08,0.03,-0.01,-0.2,0.09,0.18,-0.06,0.05,-0.14,0.04,-0.08,0.08,0,-0.26,0.01,0.02,0.03,0.08,0
16-Oct,0.09,0.02,0.6,0,-0.09,-0.08,-0.3,0.14,-0.1,0,-0.15,-0.14,0,0.13,,-0.01,1.98,0.04,0.4,-0.06,0.14,-0.53,-0.1,0.49,-0.17,0.08,-0.05,0.03,0.04,0.04,-0.04,0.01,0.07,-0.05,-0.01,-0.15,0.09,0.03,0.08,-0.12,0.09,-0.2,0.04,-0.09,-0.06,0.11,-0.08,-0.04,0.02,-0.18,-0.07,0.2,0.01,0.03,0.01
16-Nov,0.18,0.2,0.61,0.12,-0.11,0.22,1.15,0.21,0.06,-0.28,0.45,0.05,0.35,-0.19,,0.28,1.36,0.01,0.4,0.12,0.38,1,0.09,0.01,0.21,0.26,0.28,0,0.33,0.2,0.69,0.3,0.32,0.12,0.45,0.29,0.16,0.32,0.26,0.15,0.46,0.05,0.27,0.06,0.31,0.25,0.26,0.42,0.23,0.06,0.11,0.22,0.27,0.31,0.19
16-Dec,0,-0.13,0.1,0.05,0.05,-0.08,-0.24,0.13,-0.1,0.07,-0.09,-0.15,-0.1,-0.19,,-0.01,3.1,-0.19,1,-0.2,-0.11,0.4,0.11,-0.11,-0.2,0.02,0,0.5,0.06,-0.05,-0.1,0,-0.03,-0.05,-0.03,-0.09,-0.1,0.01,-0.16,-0.19,0.16,-0.03,-0.11,-0.24,-0.06,0.18,-0.31,0.08,-0.07,-0.22,-0.06,-0.07,0,0.04,-0.13
17-Jan,0.05,0,0.13,-0.17,0.42,0.1,-0.26,0.24,-0.15,-0.11,0.17,-0.08,0.66,0.16,,0.07,3.28,-0.04,-0.07,0.26,0.02,-0.27,0.02,0,0.45,-0.01,-0.1,0.16,0.1,0.14,-0.38,0.07,0.07,0.01,-0.16,0.13,-0.12,0.01,-0.08,0.21,0.23,-0.13,0.07,-0.11,0.04,-0.04,0.42,0.28,-0.12,-0.13,0.19,-0.1,0.05,0.09,-0.01
17-Feb,0.05,0.02,-0.26,-0.12,-0.2,-0.07,-0.46,-0.17,0,-0.33,-0.23,-0.15,0.11,-0.18,-0.57,0.03,-0.02,-0.13,0.25,-0.14,0.17,0,-0.16,0.04,-0.11,0,-0.01,0,0.04,-0.05,0,0.11,0.07,0.07,-0.1,0.02,-0.03,0.09,0.08,0.03,-0.01,-0.41,-0.17,-0.05,-0.03,-0.1,-0.14,0.11,0.23,-0.11,-0.09,0.06,0.03,0.07,-0.03
17-Mar,0.07,0.06,-0.11,-0.08,-0.08,0.11,-0.52,-0.16,-0.14,0.17,-0.02,0.04,-0.08,-0.15,-0.2,0.08,2.65,0.01,0.13,-0.2,-0.09,-0.23,0.04,0.23,0.03,0.07,0.01,-0.48,0.13,-0.02,-0.26,0.01,0.08,0.13,-0.02,0.1,0.09,-0.04,0.12,-0.16,-0.03,0.3,-0.07,-0.05,0.08,-0.04,0,0.18,-0.04,-0.17,-0.24,-0.05,0.07,0.08,0.06
17-Apr,-0.01,-0.06,0.04,0.08,0.05,-0.02,0.46,-0.08,-0.18,0,-0.08,-0.12,-0.04,0.25,-0.23,-0.07,1.28,-0.02,0.42,0.14,-0.03,-0.09,-0.21,-0.11,0.16,-0.05,-0.1,2,0.02,-0.04,-0.08,-0.11,-0.07,-0.03,0.05,-0.09,0.04,-0.14,-0.09,-0.15,-0.09,-0.13,0.03,-0.1,-0.06,-0.32,-0.1,0.08,0.33,-0.24,-0.02,-0.05,-0.07,-0.03,-0.04
17-May,0.03,0.03,0.34,-0.12,0.07,0.04,-0.27,-0.07,-0.09,1,0,-0.05,-0.07,0.39,-0.38,0.07,1.38,0.03,0.12,-0.03,0.15,-0.08,0.04,0.17,0.33,0.06,0.15,0.48,0.1,0.06,0,0.06,0.04,0.12,0.08,0.11,0.08,0.14,0.06,-0.19,0.01,0.32,0.04,0,0.12,0.13,0.27,0.06,0.17,-0.07,0.11,0.02,0.07,0.09,0.05
17-Jun,0.02,0.05,-0.06,-0.08,-0.03,0.08,-0.5,-0.03,-0.15,-0.04,-0.08,0.01,0.26,0.18,-0.11,0.08,1.88,0.06,0,-0.35,-0.09,0,0.02,-0.08,-0.04,0.06,-0.01,0.49,0.09,-0.01,-0.14,0.13,0.06,-0.06,0.11,-0.08,0.09,0.29,0.09,0.2,0.05,0.21,-0.02,0.11,-0.02,-0.1,0.12,0.17,0.21,0.01,0.15,0.24,0.08,0.1,0.06
17-Jul,0.01,-0.02,0.29,-0.03,-0.08,0.01,0.19,-0.03,0.09,0.24,-0.05,-0.05,0.52,-0.05,0.09,-0.06,0.4,0.11,-0.62,-0.15,0.02,0.19,-0.1,-0.26,-0.26,0.02,0,0,-0.02,0.02,-0.09,0.01,-0.03,0.03,-0.06,-0.17,-0.07,0.16,0.15,-0.05,0,0.19,-0.1,-0.11,0.01,-0.25,0.03,-0.04,-0.19,-0.09,-0.08,0.09,-0.03,-0.01,0
17-Aug,0.01,0.06,0.04,0.01,0.09,0.11,0.44,0.09,0.14,0.43,-0.11,-0.01,0.18,-0.08,-0.14,0.03,-0.29,0.1,-0.2,-0.16,0.19,-0.5,0.1,-0.05,-0.13,0,0.13,0.21,0.03,-0.04,0.34,0.17,0.05,0.1,0.12,0.06,-0.08,0.22,0.12,-0.12,0.11,-0.12,-0.02,0.09,0.08,0.18,-0.2,0.04,0.19,-0.12,-0.09,-0.16,0.04,0.08,0.07
17-Sep,0.02,-0.15,0.17,-0.11,-0.04,-0.06,0.8,0.07,-0.19,0.05,0.02,-0.07,-0.11,0.37,-0.2,-0.04,1.27,0.24,0,0.19,0.13,0,-0.07,-0.12,-0.16,0.04,-0.02,0.08,-0.09,-0.07,-0.13,0.04,-0.04,0,0.09,-0.06,0,0.14,0.02,0.09,0.08,-0.16,-0.06,0,0.14,0.18,-0.09,0.13,0.22,0,0.06,-0.05,-0.02,-0.04,-0.04
17-Oct,-0.03,0.12,0.05,-0.15,0.02,0.06,0.32,0.06,0.06,-0.17,0.05,0.08,-0.01,-0.1,0.69,0.03,-0.22,-0.17,-0.21,0.04,0.07,0.67,0.1,-0.25,0.06,-0.02,0.11,0.34,0.01,-0.04,0.09,0.13,0.02,0.03,0.03,0.12,-0.02,0.15,-0.06,0.34,0.09,0,0.01,-0.07,0.03,0.08,0.23,0.17,0.45,-0.08,0.15,0.09,0.03,0.05,0
17-Nov,-0.01,0,-0.11,-0.06,0.45,-0.01,0.25,0.35,0.04,0.46,-0.2,0.07,-0.1,0.14,0.32,-0.03,0.02,0.39,-0.64,0.04,0.06,-0.22,0.04,-0.02,0,0.01,-0.03,0.45,-0.07,-0.04,-0.26,-0.05,-0.06,0.19,-0.31,-0.08,0.05,0.12,-0.08,0.27,-0.01,0.13,-0.16,0.15,-0.05,0,0.26,0.13,-0.04,-0.04,0.1,-0.04,-0.04,-0.06,0.01
17-Dec,0.01,0.03,0.18,-0.11,0.17,-0.03,0.19,0.08,-0.13,0,0.1,0.07,0.11,0,-0.21,-0.07,-0.09,0.05,-0.5,-0.04,0.15,-0.5,-0.04,0.09,0.23,-0.13,-0.06,0,-0.06,-0.05,0.37,0,-0.07,-0.25,-0.06,-0.08,0.03,0.09,-0.02,0.33,-0.15,0.55,-0.05,0.17,-0.07,0.07,0.09,-0.04,-0.1,-0.14,-0.13,0.01,-0.07,-0.04,0
18-Jan,-0.03,-0.06,-0.03,0.09,0.13,-0.07,0.43,-0.1,-0.02,0,0.04,-0.04,-0.01,-0.08,0.18,-0.07,-0.51,0.04,-0.43,-0.03,0.27,-0.38,0.1,0,-0.2,-0.07,0.11,-0.09,-0.04,0.03,0.43,0.06,-0.02,-0.09,0.1,-0.05,-0.09,0.06,-0.05,-0.01,0.12,0.48,-0.12,0.15,0.01,0.44,0.19,0.12,0.1,0.04,-0.28,0.02,-0.04,0,-0.05
18-Feb,0.05,0.07,0.65,-0.06,0.23,0.11,0.29,0.24,-0.15,-0.08,0.18,0.04,-0.18,0.09,0.44,-0.04,1.11,0.01,-0.33,-0.1,0.31,0.5,0.08,0.19,0.28,-0.01,0,0.17,-0.01,0.11,-0.08,-0.02,-0.04,-0.05,0.09,-0.04,0.16,0.17,0.06,-0.09,0.07,0.43,0.03,0.04,-0.04,0.7,0.74,0.04,-0.17,-0.07,-0.04,-0.12,-0.02,-0.01,0.07
18-Mar,0.02,0.05,0.04,-0.01,0.13,0.01,0.73,0.15,0.08,0.14,0.07,-0.06,0.18,-0.1,0.45,-0.08,-0.29,0.11,0,-0.29,0.23,-0.3,0.14,-0.24,0.19,-0.03,0.05,0.27,-0.09,0,0.28,0,-0.1,0.12,0.01,0.01,0.06,0.15,0.07,0.19,-0.1,0.03,-0.02,-0.01,-0.09,0.34,-0.15,0.09,0.36,-0.03,0.1,-0.04,-0.06,-0.06,0.03
18-Apr,0.02,0.14,-0.12,-0.03,0.05,0.07,0.21,0.13,0.02,-0.28,0.2,0.02,0.23,-0.07,-0.25,0,-0.22,0,-0.24,-0.27,0.13,-0.3,0.29,0.03,0.01,0.01,0.12,-0.56,0.02,0.07,0.31,0.1,-0.01,-0.03,-0.13,-0.01,-0.01,0.23,0.09,0.21,0.08,-0.03,-0.04,0.07,0.01,0.14,0.46,0.09,0.1,-0.07,0.1,0.05,0.02,0.05,0.06
18-May,-0.05,0.07,0.07,-0.07,0.17,0.05,0.19,-0.01,0.01,0.41,0.11,0.21,0.08,-0.16,0.93,-0.05,0.04,0.03,-0.05,-0.02,0.02,-0.17,0.17,-0.15,-0.2,-0.07,-0.07,0.15,-0.09,0.02,0.38,0.02,-0.06,0.11,-0.07,0,0.02,-0.1,-0.02,0.34,0.03,-0.07,-0.01,-0.03,-0.06,0.06,-0.33,0.06,-0.05,-0.06,-0.05,-0.04,-0.06,-0.05,0.02
18-Jun,-0.07,0.03,0.56,0.07,-0.08,-0.08,0.69,-0.05,-0.04,-0.52,0.24,-0.02,-0.11,-0.16,-0.08,-0.11,-0.25,-0.07,0.21,0.47,0.15,0.3,-0.1,-0.17,0.05,-0.1,-0.03,-0.52,-0.17,-0.03,-0.12,-0.1,-0.09,0.03,-0.15,0.09,-0.12,-0.09,-0.15,-0.12,-0.01,-0.02,-0.09,-0.16,-0.07,-0.03,-0.06,-0.06,0.06,-0.18,-0.18,-0.27,-0.12,-0.14,-0.08
18-Jul,-0.03,0.15,0.13,-0.09,0.17,0.11,0.21,0.21,-0.24,-0.19,0.03,0.08,-0.03,0.03,0.32,-0.01,0.65,-0.12,0.09,0.09,0.17,-0.37,0.03,0.14,0.1,-0.01,-0.04,0.29,0.01,-0.02,-0.12,-0.02,0.01,-0.07,0.04,0.01,0.11,0.04,-0.17,0.3,0.01,0.12,0.04,-0.02,-0.05,0,0.03,0.13,0.29,0.09,0,0.13,0,0,0.02
18-Aug,-0.07,-0.07,0.06,-0.01,-0.01,-0.1,-0.19,-0.12,-0.27,-0.4,0.04,0.1,0.01,-0.07,0.32,-0.09,1.2,0.15,-0.19,0.06,0.11,0.25,-0.07,0.17,0.08,-0.1,-0.11,-0.06,-0.07,-0.02,-0.4,-0.04,-0.1,-0.1,-0.12,0.03,-0.02,-0.03,-0.08,0.07,0.05,0.26,-0.09,-0.08,-0.04,-0.19,-0.07,-0.01,-0.18,-0.03,-0.13,0.32,-0.07,-0.06,-0.07
18-Sep,-0.13,-0.1,0.07,-0.09,0.04,-0.17,0.39,-0.19,-0.14,0.09,-0.14,-0.08,0.11,-0.29,-0.07,-0.22,-0.2,-0.01,0.86,-0.24,-0.2,-0.36,0.06,-0.14,-0.15,-0.22,-0.19,-0.22,-0.1,-0.14,-0.05,-0.12,-0.16,-0.12,-0.24,-0.15,-0.15,-0.21,-0.23,-0.25,-0.02,0.12,-0.19,-0.19,-0.13,-0.27,0.28,-0.18,-0.26,-0.18,-0.33,-0.11,-0.18,-0.11,-0.16
18-Oct,-0.08,-0.09,0.25,0.04,0.12,-0.1,0,0.02,-0.07,0.07,0.11,0.08,0.06,0,-0.07,-0.06,0.02,0.19,0.45,0.24,-0.02,0.13,-0.11,0.3,0.14,-0.11,-0.19,0,-0.03,-0.03,-0.1,-0.11,-0.13,0.05,-0.06,-0.07,0.13,0,-0.06,-0.03,0.11,0.05,-0.21,0.19,-0.05,-0.15,-0.02,0.16,-0.16,0.01,-0.26,-0.07,-0.07,-0.06,-0.03
18-Nov,-0.13,-0.07,0.05,0.08,-0.32,-0.08,-0.43,-0.28,-0.03,-0.05,0.03,-0.02,0.06,-0.23,-0.48,-0.11,-0.02,-0.27,1.8,0.06,-0.13,-0.36,-0.11,-0.06,-0.14,-0.14,-0.14,-0.42,-0.09,-0.07,0.1,-0.03,-0.11,-0.12,0.18,-0.17,-0.14,-0.19,-0.1,-0.26,0.07,-0.16,-0.04,-0.29,-0.09,-0.15,-0.47,-0.03,-0.1,-0.12,-0.26,0.14,-0.1,-0.07,-0.12
18-Dec,-0.12,-0.2,-0.19,1.05,-0.26,-0.17,-0.37,-0.34,-0.05,1.13,-0.28,-0.08,-0.17,-0.06,0,-0.16,-0.35,-0.13,0.9,-0.02,0.12,-0.43,-0.31,-0.22,-0.06,-0.18,-0.19,-0.13,-0.18,-0.22,-0.29,-0.23,-0.15,0.11,-0.14,-0.24,-0.2,-0.14,-0.21,-0.32,0.07,-0.33,-0.18,-0.17,-0.16,0.05,1,-0.2,0.27,-0.14,-0.2,0.17,-0.18,-0.2,-0.18
19-Jan,-0.12,0.04,0.48,0.89,-0.29,-0.15,-0.05,-0.11,-0.06,0.69,-0.01,-0.01,-0.01,-0.44,-0.1,-0.14,-0.07,-0.02,0,0.03,-0.24,1,-0.09,-0.26,0.28,-0.13,-0.11,-0.3,-0.14,-0.21,-0.72,-0.19,-0.1,0.03,-0.11,-0.26,0.1,-0.09,-0.05,-0.35,0.12,-0.43,-0.1,-0.09,-0.12,-0.14,1.09,-0.16,-0.16,-0.2,-0.01,0.19,-0.15,-0.16,-0.06
19-Feb,-0.06,0.06,-0.21,0.83,0.05,-0.11,-0.39,-0.33,-0.21,0.55,-0.03,-0.08,0.11,0.18,0.38,-0.11,0.47,0.24,0.3,0.04,-0.17,0.22,-0.14,-0.04,-0.19,-0.16,0.13,0.71,-0.08,-0.11,-0.11,-0.14,-0.05,0.09,-0.08,0.03,-0.05,-0.01,-0.11,-0.02,0.05,-0.45,-0.07,-0.08,0.05,-0.26,0.27,-0.09,-0.08,0.08,0.01,-0.13,-0.11,-0.1,-0.04
19-Mar,-0.06,-0.07,0.08,0.4,-0.07,-0.13,-0.47,-0.13,-0.13,0.69,0.03,-0.04,-0.17,-0.24,-0.28,-0.13,-0.15,-0.06,0.11,0.24,-0.2,-0.57,-0.14,-0.27,-0.05,-0.12,-0.05,0.86,-0.09,-0.05,-0.27,-0.12,-0.04,-0.11,-0.16,-0.11,-0.11,0.03,-0.11,-0.08,0.2,0.13,-0.03,-0.2,-0.09,-0.29,0.44,0.05,-0.3,-0.15,-0.1,-0.05,-0.12,-0.1,-0.11
19-Apr,-0.05,0.02,0.18,-0.04,-0.1,-0.05,-0.17,-0.2,-0.06,0.69,-0.02,0.16,-0.24,-0.24,0.33,0,0.19,0.03,-0.08,0.26,0.23,1.29,-0.05,0,0.13,0.01,-0.05,1.17,-0.07,-0.07,-0.1,-0.08,0.02,0.16,0.07,0.04,0.1,-0.04,-0.08,-0.15,0,0.29,-0.01,-0.02,0.01,-0.09,0.12,0.04,-0.15,0.15,-0.09,-0.06,-0.02,-0.07,-0.01
19-May,0,0.02,0.08,0.08,-0.18,0.08,-0.26,-0.04,-0.08,-0.42,0.12,-0.12,0.09,0,0,0,0.1,0.02,0.17,0.09,0.12,-0.4,-0.11,0.11,0.13,-0.02,0.02,-0.36,0.02,-0.06,-0.25,-0.11,0,-0.01,0.01,0.04,-0.07,0.02,-0.07,-0.18,0.1,-0.08,0.01,0.08,0.07,-0.21,0.4,0.01,0,0.07,-0.19,0.07,-0.01,-0.03,0.01
19-Jun,-0.05,-0.13,-0.05,-0.09,-0.11,-0.08,-0.27,-0.1,-0.1,0.42,-0.12,-0.1,0.22,0.01,0.14,-0.13,0.02,0,-0.3,-0.14,-0.14,0.15,-0.18,0.19,-0.16,-0.08,-0.1,0.56,-0.04,-0.13,0.2,-0.07,-0.13,-0.21,-0.07,-0.06,-0.08,0.03,-0.15,-0.06,-0.18,-0.04,-0.02,0.03,-0.17,-0.19,-0.09,-0.02,-0.24,0.01,-0.1,-0.01,-0.08,-0.05,-0.09
19-Jul,0.01,-0.1,-0.23,0.07,0.12,-0.05,-0.26,-0.11,0.05,-0.18,0.09,0.08,-0.06,0.29,-0.3,0.05,0.18,0.13,0.08,-0.15,0.08,0,0.05,0.09,-0.03,0.07,0.12,-0.16,0.01,0.05,0.15,0.05,0.03,0.1,0.02,0.21,-0.03,0.03,0.04,-0.15,0.07,0.1,0.05,0.1,0.06,0.21,0.55,-0.06,0.01,0.02,0.09,-0.06,0.04,0.02,-0.01
19-Aug,0.02,0,0.24,-0.09,-0.1,0,0,0.01,0.01,0.58,-0.02,0.01,0.05,-0.18,0.12,-0.02,0.13,-0.08,0.38,0.16,-0.12,0.33,-0.03,-0.2,-0.01,0.02,-0.02,0.13,0.03,-0.05,0.55,-0.1,0.02,-0.09,0.04,-0.04,-0.09,-0.09,-0.07,-0.11,-0.03,0.14,0.08,-0.12,-0.06,0.1,0.21,-0.23,-0.07,0.01,-0.04,-0.36,-0.01,-0.02,-0.04
19-Sep,0.06,0.03,-0.16,0.08,0.02,0.12,-0.24,0.02,0.05,-0.42,0.07,0.12,0.29,0.23,-0.04,0.09,0.27,-0.07,0.31,0.25,0.39,0.14,-0.2,0.25,0.42,0.16,-0.04,0.03,0.08,0.05,0.29,0.01,0.16,-0.16,0.17,0.14,-0.01,0.23,-0.01,0.15,-0.05,-0.22,0.19,0.21,-0.09,-0.13,0.27,0.17,0.39,0.13,0.37,0.14,0.09,0.06,0.06
19-Oct,0.02,0,-0.31,0.01,-0.07,0.11,-0.04,-0.01,0.09,0.06,-0.11,-0.01,-0.08,-0.03,-0.2,0.03,0.04,0.05,-0.25,-0.03,0.24,-0.12,0.04,0.14,-0.09,0.13,0.11,0.04,0.07,0.07,0.09,0.05,0.11,0.02,0.1,0.23,-0.1,0.04,-0.01,-0.22,-0.17,0.02,0.08,-0.08,0.09,0,0.07,0.04,0.12,0.15,0.2,0.14,0.06,0.06,0.01
19-Nov,0.06,-0.1,0.69,0.03,0.03,-0.11,-0.3,0.08,-0.03,0.28,0.27,-0.04,0.14,0.1,0.6,0.05,-0.08,0.13,0.44,0.21,0.13,0,-0.05,-0.18,0.48,0.07,0.07,-0.08,0.04,-0.05,0.07,-0.04,0.1,-0.06,0.08,0.05,-0.04,0.07,-0.01,-0.05,-0.03,-0.19,-0.03,0.09,0.04,0.02,0.69,0.09,-0.15,-0.02,0,-0.01,0.03,0.01,-0.05
19-Dec,0.07,0.2,0.19,-0.55,-0.16,0.17,1.08,0.18,0.12,-0.63,0.18,0.05,0,-0.12,0.09,0.12,0.15,0.19,-0.37,0.05,0.11,2.75,0.44,0.05,0.23,0.33,0.17,0.15,0.12,0.11,0.27,0.15,0.17,0.1,0.1,0.43,0.16,0.46,0.19,0.34,-0.11,0.31,0.15,0.05,0.08,-0.16,-0.55,0.33,-0.23,0.12,0.28,-0.14,0.16,0.13,0.16
20-Jan,0.1,-0.11,-0.16,-0.35,-0.09,0.11,-0.05,0.07,0.09,-0.26,0.07,0.05,0.1,0.5,-0.06,0.17,0.21,-0.01,0.63,-0.13,0.35,0.1,-0.16,0.11,-0.15,0.22,0.12,0.07,0.16,0.06,1.67,0.08,0.15,-0.03,0.13,0.05,-0.06,0.36,-0.05,0.33,0.02,0.74,0.11,-0.07,0.04,-0.03,-0.63,0.13,0.26,0.14,0.1,-0.14,0.16,0.13,-0.01
20-Feb,0.06,-0.16,0.37,-0.4,-0.19,0.09,0.09,0.74,0.14,-0.29,0.13,0.1,0,0.12,-0.39,0.09,0,-0.18,0.38,0,0.26,0.36,-0.01,-0.37,0.01,0.35,-0.16,-0.08,0.11,0,-0.19,0.1,0.07,0.01,0.05,0.22,0.03,0.02,-0.02,0.05,-0.09,1,0.09,0.13,0,-0.03,-0.4,0.02,0.78,0.07,0.06,0.25,0.14,0.11,-0.01
20-Mar,-0.06,-0.19,0.07,-0.36,0.09,-0.08,0.4,0.07,-0.06,-0.41,-0.27,-0.1,-0.08,0.4,-0.1,-0.03,0.09,-0.12,0.1,0.78,0.11,3,-0.11,0,0.05,0.02,0.03,-0.54,0.05,-0.11,0.02,-0.04,-0.01,-0.08,0.02,0.09,-0.1,-0.16,-0.19,-0.15,-0.12,-0.02,-0.07,0.04,-0.1,-0.08,-0.27,-0.14,0.16,0.03,-0.06,0.25,0,0.02,-0.12
20-Apr,-0.3,-0.38,-0.29,-0.12,-0.22,-0.32,0.21,-0.12,-0.2,-0.32,-0.36,-0.3,0.13,0.03,-0.25,-0.31,-0.23,-0.61,0.08,-0.16,-0.13,-0.63,-0.43,-0.31,-0.36,-0.37,-0.36,-0.15,-0.31,-0.32,-0.47,-0.24,-0.27,-0.53,-0.23,-0.26,-0.49,-0.25,-0.36,-0.34,-0.23,-0.36,-0.25,-0.33,-0.24,-0.07,-0.22,-0.12,-0.18,-0.3,-0.34,-0.04,-0.31,-0.29,-0.37
20-May,-0.41,-0.56,-0.41,-0.47,-0.37,-0.53,0.57,-0.3,-0.32,-0.33,-0.45,-0.34,-0.22,-0.38,-0.41,-0.48,-0.31,-0.5,-0.48,-0.6,-0.33,-0.5,-0.63,-0.54,-0.23,-0.53,-0.39,-0.4,-0.43,-0.38,-0.59,-0.38,-0.42,-0.56,-0.44,-0.54,-0.45,-0.44,-0.51,-0.38,-0.34,-0.15,-0.35,-0.54,-0.45,-0.45,-0.37,-0.24,-0.3,-0.52,-0.43,-0.44,-0.46,-0.41,-0.51
20-Jun,-0.13,-0.2,0,0.01,0.05,-0.08,-0.06,0.2,-0.03,0.24,-0.03,0.01,-0.19,0.05,0,-0.19,0.06,0,0,-0.14,-0.07,-0.4,-0.13,-0.28,0.19,-0.2,0.01,0.15,-0.09,-0.02,-0.15,-0.08,0.02,-0.09,-0.12,-0.19,-0.11,-0.1,-0.01,0.16,0.17,-0.05,0.01,0.03,0.13,-0.04,0.1,0.02,0.23,-0.18,0.08,0.19,-0.15,-0.08,-0.08
20-Jul,0.06,0.07,0.83,-0.01,0.48,0.15,0.29,0.58,0.02,0,0.25,0.06,-0.01,0.09,0.35,-0.02,0.26,0.36,0.77,0.38,0.13,0.67,0.42,0.28,0.59,0.02,0.2,0.76,0.11,0.04,0.38,0.13,0.1,0.01,0.07,0.02,0.13,0.16,0.12,0.44,0.28,0.15,0.09,0.37,-0.04,-0.06,0.14,0.08,0.36,0.01,0.16,-0.03,0.04,0.12,0.15
20-Aug,0.15,0.04,0.46,-0.12,0.57,0.11,0.29,0.45,-0.05,-0.05,0.35,-0.16,-0.08,0.37,0.11,-0.05,0.33,0.38,0.33,0.12,-0.04,0.05,0.25,0.53,0.45,0.14,0.29,0.46,0.08,-0.02,0.08,0.1,0.1,0.29,-0.05,0.18,0.14,0.2,0.08,-0.1,0.15,0.14,-0.18,0.32,-0.08,-0.21,-0.02,0.26,0.54,0.07,0.04,0.3,0.04,0.09,0.11
20-Sep,0.21,0.32,1.22,0.15,0.26,0.35,0.05,0.81,0.09,0.29,0.22,0.19,-0.13,0.52,0.36,0.16,0.11,0.53,0.53,0.03,-0.21,1.19,0.62,0.25,0.49,0.31,0.58,1.3,0.28,0.21,0.37,0.2,0.33,0.9,0.12,0.3,0.41,0.5,0.36,0.27,0.28,0.4,0.12,0.27,0.23,0.36,-0.1,0.09,0.81,0.32,0.37,-0.11,0.23,0.25,0.34
20-Oct,0.2,0.11,0.53,-0.11,0.41,0.18,0.46,0.34,0.07,-0.06,0.32,0.13,0.38,0.29,0,0.13,0.18,0.19,1.27,0.08,-0.1,0.6,0.27,0.13,0.31,0.29,0.42,0.53,0.18,0.08,0.08,0.16,0.21,0.15,0.1,0.22,0.29,0.35,0.32,0.32,0.28,0.51,0.06,0.18,-0.03,-0.09,0.24,-0.07,0.47,0.02,0.04,-0.16,0.17,0.18,0.19
20-Nov,0.26,0.4,-0.03,-0.18,0.77,0.5,0.43,0.54,0.14,-0.39,0.03,0.27,-0.11,0.26,0.58,0.1,0.3,0.41,0.09,0.08,-0.12,1.33,0.31,0.28,0,0.25,0.27,0.88,0.23,0.23,0.55,0.17,0.23,0.29,0.19,0.34,0.28,0.39,0.34,0.28,0.01,0.7,0.17,0.14,0.11,0.09,-0.3,0.04,0.63,0.41,0.31,0.08,0.18,0.21,0.34
20-Dec,0.28,0.45,0.66,0.18,0.79,0.52,0.36,0.64,0.09,0.5,0.32,0.43,0.28,0.31,-0.08,0.31,0.36,0.6,0.75,0.57,-0.12,0.4,0.18,0.46,0.44,0.25,0.33,0.5,0.39,0.25,-0.06,0.28,0.3,0.54,0.26,0.35,0.36,0.03,0.31,0.11,0.5,-0.17,0.09,0.39,0.15,0.19,0.33,0.09,0.82,0.42,0.1,0.04,0.32,0.35,0.4
21-Jan,0.23,0.54,0.46,-0.17,0.69,0.28,-0.06,0.19,0.1,-0.25,0.08,0.24,0.18,0.18,0.24,0.15,0.21,0.17,0.69,0.35,-0.22,0.09,0.19,0.02,0.35,0.14,0.1,0.47,0.13,0.07,0.5,0.17,0.1,0.23,-0.08,0.42,0.35,0.01,0.47,0.24,-0.1,0.1,0.01,0.2,0.02,-0.22,0.24,0.06,0.21,0.07,0.05,-0.25,0.14,0.14,0.32
21-Feb,0.1,0.33,0.32,-0.1,0.04,0.18,0.58,0.1,0,0.33,-0.05,0.14,-0.13,0.3,0.82,0.14,-0.09,0.19,0.33,0.69,-0.34,-0.07,0.25,0.62,0.37,0.07,0.16,0.32,0.07,0,0.36,0.1,0.13,0.22,-0.13,0.23,0.12,0.17,0.24,0.27,0.29,-0.33,-0.28,0.08,-0.12,-0.16,0.96,0.12,0.23,0.07,0.15,-0.26,0.1,0.08,0.16
